name,state,lat,lon
Abbeville,LA,29.9747,-92.1343
Abbeville,SC,34.1782,-82.3790
Aberdeen,MD,39.5096,-76.1641
Aberdeen,MS,33.8251,-88.5437
Aberdeen,NC,35.1315,-79.4295
Aberdeen,SD,45.4647,-98.4865
Aberdeen,WA,46.9754,-123.8157
Abilene,KS,38.9172,-97.2139
Abilene,TX,32.4487,-99.7331
Abingdon,VA,36.7098,-81.9774
Abington,MA,42.1048,-70.9453
Abington,PA,40.1207,-75.1179
Absecon,NJ,39.4284,-74.4957
Accokeek,MD,38.6676,-77.0283
Acton,CA,34.4700,-118.1967
Acton,MA,42.4851,-71.4328
Acushnet,MA,41.6807,-70.9078
Acworth,GA,34.0663,-84.6784
Ada,OH,40.7695,-83.8227
Ada,OK,34.7745,-96.6783
Adams Morgan,DC,38.9215,-77.0422
Adams,MA,42.6243,-73.1176
Addison,IL,41.9317,-87.9890
Addison,TX,32.9618,-96.8292
Adel,GA,31.1373,-83.4241
Adelanto,CA,34.5828,-117.4092
Adelphi,MD,39.0032,-76.9719
Adrian,MI,41.8976,-84.0372
Affton,MO,38.5506,-90.3332
Agate Beach,OR,44.6773,-124.0618
Agawam,MA,42.0695,-72.6148
Agoura Hills,CA,34.1364,-118.7745
Agoura,CA,34.1431,-118.7379
Agua Caliente,CA,38.3241,-122.4880
Aiken,SC,33.5604,-81.7195
Air Force Academy,CO,38.9943,-104.8637
Airmont,NY,41.1009,-74.1162
Airway Heights,WA,47.6446,-117.5933
Akron,OH,41.0814,-81.5190
Alabaster,AL,33.2443,-86.8164
Alachua,FL,29.7516,-82.4248
Alafaya,FL,28.5641,-81.2114
Alameda,CA,37.7710,-122.2609
Alamo,CA,37.8502,-122.0322
Alamo,TX,26.1837,-98.1231
Alamogordo,NM,32.8995,-105.9603
Alamosa,CO,37.4695,-105.8700
Albany,CA,37.8869,-122.2977
Albany,GA,31.5785,-84.1557
Albany,NY,42.6526,-73.7562
Albany,OR,44.6365,-123.1059
Albemarle,NC,35.3501,-80.2001
Albert Lea,MN,43.6480,-93.3683
Albertson,NY,40.7734,-73.6432
Albertville,AL,34.2678,-86.2088
Albertville,MN,45.2377,-93.6544
Albion,MI,42.2431,-84.7530
Albion,NY,43.2465,-78.1936
Albuquerque,NM,35.0845,-106.6511
Alcoa,TN,35.7895,-83.9738
Alderwood Manor,WA,47.8080,-122.2610
Alexander City,AL,32.9440,-85.9539
Alexandria,IN,40.2628,-85.6758
Alexandria,KY,38.9595,-84.3880
Alexandria,LA,31.3113,-92.4451
Alexandria,MN,45.8852,-95.3775
Alexandria,VA,38.8048,-77.0469
Algona,IA,43.0700,-94.2330
Algonquin,IL,42.1656,-88.2943
Alhambra,CA,34.0953,-118.1270
Aliamanu / Salt Lakes / Foster Village,HI,21.3602,-157.9184
Alice,TX,27.7523,-98.0697
Aliquippa,PA,40.6367,-80.2401
Aliso Viejo,CA,33.5650,-117.7271
Allapattah,FL,25.8145,-80.2239
Allegan,MI,42.5292,-85.8553
Allen Park,MI,42.2575,-83.2110
Allen,TX,33.1032,-96.6706
Allendale,MI,42.9723,-85.9536
Allendale,NJ,41.0415,-74.1290
Allentown,PA,40.6084,-75.4902
Alliance,NE,42.1016,-102.8722
Alliance,OH,40.9153,-81.1059
Allison Park,PA,40.5595,-79.9587
Allouez,WI,44.4775,-88.0162
Allston,MA,42.3584,-71.1259
Alma,AR,35.4779,-94.2219
Alma,MI,43.3789,-84.6597
Aloha,OR,45.4943,-122.8671
Alondra Park,CA,33.8895,-118.3309
Alpena,MI,45.0617,-83.4327
Alpharetta,GA,34.0754,-84.2941
Alpine,CA,32.8351,-116.7664
Alpine,TX,30.3586,-103.6621
Alpine,UT,40.4533,-111.7780
Alsip,IL,41.6689,-87.7387
Alta Sierra,CA,35.7313,-118.5539
Alta Sierra,CA,39.1416,-121.0538
Altadena,CA,34.1897,-118.1312
Altamont,OR,42.2068,-121.7372
Altamonte Springs,FL,28.6611,-81.3656
Alton North (historical),TX,26.2953,-98.3045
Alton,IL,38.8906,-90.1843
Alton,TX,26.2873,-98.3133
Altoona,IA,41.6442,-93.4647
Altoona,PA,40.5187,-78.3947
Altoona,WI,44.8047,-91.4432
Altus,OK,34.6381,-99.3340
Alva,OK,36.8050,-98.6672
Alvin,TX,29.4239,-95.2441
Amarillo,TX,35.2220,-101.8313
Ambler,PA,40.1546,-75.2216
Ambridge,PA,40.5892,-80.2251
American Canyon,CA,38.1749,-122.2608
American Fork,UT,40.3769,-111.7958
Americus,GA,32.0724,-84.2327
Ames,IA,42.0347,-93.6199
Amesbury,MA,42.8584,-70.9300
Amherst Center,MA,42.3754,-72.5192
Amherst,MA,42.3672,-72.5185
Amherst,NY,42.9784,-78.7998
Amherst,OH,41.3978,-82.2224
Amityville,NY,40.6790,-73.4171
Ammon,ID,43.4696,-111.9666
Amory,MS,33.9843,-88.4881
Amsterdam,NY,42.9387,-74.1882
Anaconda,MT,46.1285,-112.9423
Anacortes,WA,48.5126,-122.6127
Anacostia,DC,38.8665,-76.9839
Anadarko,OK,35.0726,-98.2437
Anaheim,CA,33.8353,-117.9145
Anamosa,IA,42.1083,-91.2852
Anchorage,AK,61.2181,-149.9003
Ancient Oaks,PA,40.5473,-75.5893
Andalusia,AL,31.3081,-86.4824
Anderson,CA,40.4482,-122.2978
Anderson,IN,40.1053,-85.6803
Anderson,SC,34.5034,-82.6501
Andover,FL,25.9684,-80.2128
Andover,KS,37.7139,-97.1364
Andover,MA,42.6584,-71.1370
Andover,MN,45.2333,-93.2913
Andrews,TX,32.3187,-102.5457
Angleton,TX,29.1694,-95.4319
Angola,IN,41.6348,-84.9994
Ankeny,IA,41.7297,-93.6058
Ann Arbor,MI,42.2776,-83.7409
Anna,TX,33.3490,-96.5486
Annandale,VA,38.8304,-77.1964
Annapolis,MD,38.9786,-76.4918
Anniston,AL,33.6598,-85.8316
Anoka,MN,45.1977,-93.3872
Ansonia,CT,41.3462,-73.0790
Antelope,CA,38.7082,-121.3299
Anthony,NM,32.0040,-106.6058
Anthony,TX,31.9993,-106.6055
Antigo,WI,45.1403,-89.1523
Antioch,CA,38.0049,-121.8058
Antioch,IL,42.4772,-88.0956
Apache Junction,AZ,33.4151,-111.5496
Apex,NC,35.7326,-78.8503
Apollo Beach,FL,27.7731,-82.4076
Apopka,FL,28.6762,-81.5119
Apple Valley,CA,34.5008,-117.1859
Apple Valley,MN,44.7319,-93.2177
Apple Valley,OH,40.4389,-82.3539
Appleton,WI,44.2619,-88.4154
Applewood,CO,39.7578,-105.1625
Aptos,CA,36.9772,-121.8994
Aquia Harbour,VA,38.4626,-77.3889
Arab,AL,34.3182,-86.4958
Aransas Pass,TX,27.9095,-97.1500
Arbutus,MD,39.2546,-76.7000
Arcadia,CA,34.1397,-118.0353
Arcadia,FL,27.2159,-81.8584
Arcata,CA,40.8665,-124.0828
Archbald,PA,41.4948,-75.5369
Archdale,NC,35.9146,-79.9720
Arden Hills,MN,45.0502,-93.1566
Arden-Arcade,CA,38.6025,-121.3785
Ardmore,OK,34.1743,-97.1436
Ardmore,PA,40.0068,-75.2855
Arizona City,AZ,32.7559,-111.6710
Arkadelphia,AR,34.1209,-93.0538
Arkansas City,KS,37.0620,-97.0384
Arlington Heights,IL,42.0884,-87.9806
Arlington Heights,PA,40.9901,-75.2163
Arlington,MA,42.4154,-71.1564
Arlington,TN,35.2962,-89.6615
Arlington,TX,32.7357,-97.1081
Arlington,VA,38.8810,-77.1043
Arlington,WA,48.1987,-122.1251
Arnold,MD,39.0321,-76.5027
Arnold,MO,38.4328,-90.3776
Arroyo Grande,CA,35.1186,-120.5907
Artesia,CA,33.8659,-118.0831
Artesia,NM,32.8423,-104.4033
Artondale,WA,47.2995,-122.6207
Arvada,CO,39.8028,-105.0875
Arvin,CA,35.2091,-118.8284
Asbury Lake,FL,30.0491,-81.8215
Asbury Park,NJ,40.2204,-74.0121
Asbury,IA,42.5144,-90.7515
Ashburn,VA,39.0437,-77.4875
Ashburnham,MA,42.6362,-71.9078
Asheboro,NC,35.7079,-79.8136
Asheville,NC,35.6009,-82.5540
Ashland,CA,37.6947,-122.1138
Ashland,KY,38.4784,-82.6379
Ashland,MA,42.2612,-71.4634
Ashland,NJ,39.8632,-75.0060
Ashland,OH,40.8687,-82.3182
Ashland,OR,42.1946,-122.7095
Ashland,VA,37.7590,-77.4800
Ashland,WI,46.5924,-90.8838
Ashmont,MA,42.2834,-71.0689
Ashtabula,OH,41.8650,-80.7898
Ashton-Sandy Spring,MD,39.1498,-77.0050
Ashwaubenon,WI,44.4822,-88.0701
Aspen Hill,MD,39.0795,-77.0730
Aspen,CO,39.1911,-106.8175
Astoria,OR,46.1879,-123.8312
Atascadero,CA,35.4894,-120.6707
Atchison,KS,39.5630,-95.1216
Atco,NJ,39.7698,-74.8874
Athens,AL,34.8024,-86.9722
Athens,GA,33.9609,-83.3779
Athens,OH,39.3292,-82.1013
Athens,TN,35.4428,-84.5930
Athens,TX,32.2049,-95.8555
Atherton,CA,37.4613,-122.1977
Athol,MA,42.5959,-72.2267
Atkinson,NH,42.8384,-71.1470
Atlanta,GA,33.7490,-84.3880
Atlanta,TX,33.1137,-94.1643
Atlantic Beach,FL,30.3344,-81.3987
Atlantic City,NJ,39.3642,-74.4231
Atlantic,IA,41.4036,-95.0139
Atmore,AL,31.0238,-87.4939
Atoka,TN,35.4412,-89.7781
Attalla,AL,34.0218,-86.0886
Attleboro,MA,41.9445,-71.2856
Atwater,CA,37.3477,-120.6091
Auburn Hills,MI,42.6875,-83.2341
Auburn,AL,32.6099,-85.4808
Auburn,CA,38.8966,-121.0769
Auburn,GA,34.0137,-83.8277
Auburn,IN,41.3670,-85.0589
Auburn,MA,42.1945,-71.8356
Auburn,ME,44.0979,-70.2312
Auburn,NH,43.0045,-71.3484
Auburn,NY,42.9317,-76.5661
Auburn,WA,47.3073,-122.2284
Auburndale,FL,28.0653,-81.7887
Auburndale,MA,42.3473,-71.2495
Audubon,NJ,39.8909,-75.0730
Audubon,PA,40.1279,-75.4318
August,CA,37.9788,-121.2622
Augusta,GA,33.4710,-81.9748
Augusta,KS,37.6867,-96.9767
Augusta,ME,44.3106,-69.7795
Augusta,WV,39.2954,-78.6378
Aurora,CO,39.7294,-104.8319
Aurora,IL,41.7606,-88.3201
Aurora,MO,36.9709,-93.7180
Aurora,OH,41.3175,-81.3454
Austell,GA,33.8126,-84.6344
Austin,MN,43.6666,-92.9746
Austin,TX,30.2672,-97.7431
Austintown,OH,41.1017,-80.7645
Ave Maria,FL,26.3367,-81.4381
Avenal,CA,36.0041,-120.1290
Avenel,NJ,40.5804,-74.2852
Aventura,FL,25.9565,-80.1392
Avocado Heights,CA,34.0361,-117.9912
Avon Center,OH,41.4598,-82.0196
Avon Lake,OH,41.5053,-82.0282
Avon Park,FL,27.5959,-81.5062
Avon,CO,39.6314,-106.5222
Avon,CT,41.8098,-72.8307
Avon,IN,39.7628,-86.3997
Avon,OH,41.4517,-82.0354
Avondale,AZ,33.4356,-112.3496
Avra Valley,AZ,32.4378,-111.3154
Ayden,NC,35.4727,-77.4155
Azalea Park,FL,28.5411,-81.3006
Azle,TX,32.8951,-97.5459
Aztec,NM,36.8222,-107.9929
Azusa,CA,34.1336,-117.9076
Babylon,NY,40.6957,-73.3257
Back Bay,MA,42.3501,-71.0870
Back Mountain,PA,41.3359,-75.9963
Back of the Hill,MA,42.3293,-71.1110
Bacliff,TX,29.5069,-94.9924
Badger,AK,64.8000,-147.5333
Bailey,CO,39.4055,-105.4733
Baileys Crossroads,VA,38.8504,-77.1297
Bainbridge Island,WA,47.6262,-122.5212
Bainbridge,GA,30.9038,-84.5755
Baker City,OR,44.7749,-117.8344
Baker,LA,30.5882,-91.1682
Bakersfield,CA,35.3733,-119.0187
Bala Cynwyd,PA,40.0076,-75.2341
Balch Springs,TX,32.7287,-96.6228
Baldwin Harbor,NY,40.6395,-73.6085
Baldwin Park,CA,34.0853,-117.9609
Baldwin,NY,40.6565,-73.6093
Baldwin,PA,40.3381,-79.9789
Baldwinsville,NY,43.1587,-76.3327
Ballenger Creek,MD,39.3726,-77.4353
Ballston Lake,NY,42.9117,-73.8682
Ballston Spa,NY,43.0009,-73.8490
Ballwin,MO,38.5951,-90.5462
Baltimore Highlands,MD,39.2332,-76.6366
Baltimore,MD,39.2904,-76.6122
Bangor Trident Base,WA,47.7227,-122.7145
Bangor,ME,44.7988,-68.7726
Bangor,PA,40.8657,-75.2066
Banning,CA,33.9256,-116.8764
Baraboo,WI,43.4711,-89.7443
Barberton,OH,41.0128,-81.6051
Barberton,WA,45.6932,-122.5990
Bardstown,KY,37.8092,-85.4669
Bargersville,IN,39.5209,-86.1678
Barnesville,GA,33.0546,-84.1557
Barnhart,MO,38.3442,-90.3935
Barnstable,MA,41.7001,-70.2995
Barracks Row,DC,38.8813,-76.9950
Barre,VT,44.1970,-72.5020
Barrington,IL,42.1539,-88.1362
Barrington,NH,43.2229,-71.0470
Barrington,NJ,39.8648,-75.0552
Barrington,RI,41.7407,-71.3087
Barstow Heights,CA,34.8697,-117.0562
Barstow,CA,34.8986,-117.0228
Bartlesville,OK,36.7473,-95.9808
Bartlett,IL,41.9950,-88.1856
Bartlett,TN,35.2045,-89.8740
Bartonville,IL,40.6503,-89.6521
Bartow,FL,27.8964,-81.8431
Basehor,KS,39.1417,-94.9386
Basking Ridge,NJ,40.7062,-74.5493
Bastrop,LA,32.7783,-91.9114
Bastrop,TX,30.1105,-97.3153
Batavia,IL,41.8500,-88.3126
Batavia,NY,42.9981,-78.1875
Batesburg-Leesville,SC,33.9101,-81.5373
Batesville,AR,35.7698,-91.6410
Batesville,IN,39.3000,-85.2222
Batesville,MS,34.3115,-89.9443
Bath,ME,43.9106,-69.8206
Bath,NY,42.3370,-77.3178
Baton Rouge,LA,30.4433,-91.1875
Battle Creek,MI,42.3173,-85.1782
Battle Ground,WA,45.7809,-122.5334
Battlefield,MO,37.1156,-93.3702
Baxter,MN,46.3433,-94.2867
Bay City,MI,43.5945,-83.8889
Bay City,TX,28.9828,-95.9694
Bay Harbor Islands,FL,25.8876,-80.1312
Bay Harbor,MI,45.3641,-85.0821
Bay Minette,AL,30.8830,-87.7730
Bay Point,CA,38.0291,-121.9616
Bay Saint Louis,MS,30.3088,-89.3300
Bay Shore,NY,40.7251,-73.2454
Bay Village,OH,41.4848,-81.9221
Bay Wood,NY,40.7501,-73.2912
Bayonet Point,FL,28.3267,-82.6834
Bayonne,NJ,40.6687,-74.1143
Bayou Boeuf,LA,29.8694,-90.5968
Bayou Cane,LA,29.6241,-90.7512
Bayport,NY,40.7384,-73.0507
Bayshore Gardens,FL,27.4253,-82.5904
Bayside,CA,40.8424,-124.0637
Baytown,TX,29.7355,-94.9774
Bayview-Hunters Point,CA,37.7285,-122.3811
Bayville,NJ,39.9093,-74.1549
Bayville,NY,40.9106,-73.5621
Beach Park,IL,42.4222,-87.8573
Beachwood,NJ,39.9390,-74.1929
Beachwood,OH,41.4645,-81.5087
Beacon Hill,MA,42.3587,-71.0678
Beacon Square,FL,28.2086,-82.7554
Beacon,NY,41.5048,-73.9696
Beaconsfield,MA,42.3368,-71.1412
Bear Valley Springs,CA,35.1591,-118.6284
Bear,DE,39.6293,-75.6583
Beardstown,IL,40.0175,-90.4243
Beatrice,NE,40.2681,-96.7470
Beaufort,SC,32.4317,-80.6699
Beaumont,CA,33.9295,-116.9772
Beaumont,TX,30.0861,-94.1018
Beaver Dam,WI,43.4578,-88.8373
Beaver Falls,PA,40.7520,-80.3192
Beavercreek,OH,39.7092,-84.0633
Beaverton,OR,45.4871,-122.8037
Beckett Ridge,OH,39.3470,-84.4352
Beckley,WV,37.7782,-81.1882
Bedford Heights,OH,41.4170,-81.5273
Bedford,IN,38.8612,-86.4872
Bedford,MA,42.4907,-71.2762
Bedford,NH,42.9465,-71.5159
Bedford,OH,41.3931,-81.5365
Bedford,TX,32.8440,-97.1431
Bedford,VA,37.3343,-79.5231
Bedminster,NJ,40.6807,-74.6454
Bedminster,PA,40.4259,-75.1791
Bee Cave,TX,30.3085,-97.9450
Bee Ridge,FL,27.2839,-82.4806
Beebe,AR,35.0706,-91.8796
Beech Grove,IN,39.7220,-86.0900
Beecher,MI,43.0900,-83.6944
Beeville,TX,28.4010,-97.7497
Bel Air North,MD,39.5543,-76.3731
Bel Air South,MD,39.5051,-76.3198
Bel Air,MD,39.5359,-76.3483
Belding,MI,43.0978,-85.2289
Belen,NM,34.6628,-106.7764
Belfast,ME,44.4259,-69.0064
Belgrade,MT,45.7760,-111.1769
Bell Gardens,CA,33.9653,-118.1515
Bell Road (historical),PA,39.9068,-75.2338
Bell,CA,33.9775,-118.1870
Bella Vista,AR,36.4807,-94.2713
Bellair-Meadowbrook Terrace,FL,30.1788,-81.7434
Bellbrook,OH,39.6356,-84.0708
Belle Chasse,LA,29.8549,-89.9906
Belle Fourche,SD,44.6714,-103.8521
Belle Glade,FL,26.6845,-80.6676
Belle Haven,VA,38.7854,-77.0630
Belle Isle,FL,28.4583,-81.3592
Belle Plaine,MN,44.6227,-93.7686
Bellefontaine Neighbors,MO,38.7403,-90.2265
Bellefontaine,OH,40.3612,-83.7597
Bellefonte,PA,40.9134,-77.7783
Belleville,IL,38.5200,-89.9840
Belleville,NJ,40.7937,-74.1501
Bellevue,DC,38.8260,-77.0100
Bellevue,KY,39.1065,-84.4788
Bellevue,MA,42.2876,-71.1453
Bellevue,NE,41.1367,-95.8908
Bellevue,OH,41.2737,-82.8416
Bellevue,PA,40.4940,-80.0517
Bellevue,WA,47.6104,-122.2007
Bellevue,WI,44.4442,-87.9201
Bellflower,CA,33.8817,-118.1170
Bellingham,WA,48.7595,-122.4882
Bellmawr,NJ,39.8676,-75.0946
Bellmead,TX,31.5940,-97.1089
Bellmore,NY,40.6687,-73.5271
Bellview,FL,30.4616,-87.3150
Bellwood,IL,41.8814,-87.8831
Bellwood,VA,37.4218,-77.4375
Belmar,NJ,40.1784,-74.0218
Belmont,CA,37.5202,-122.2758
Belmont,MA,42.3959,-71.1787
Belmont,MI,43.0756,-85.6092
Belmont,NC,35.2429,-81.0373
Belmont,VA,39.0648,-77.5100
Beloit,WI,42.5084,-89.0318
Belpre,OH,39.2740,-81.5729
Belton,TX,31.0560,-97.4644
Beltsville,MD,39.0348,-76.9075
Belvedere Park,GA,33.7548,-84.2674
Belvedere,SC,33.5310,-81.9448
Belvidere,IL,42.2639,-88.8443
Bemidji,MN,47.4736,-94.8803
Bemis,MA,42.3687,-71.2037
Ben Lomond,CA,37.0891,-122.0863
Benbrook,TX,32.6732,-97.4606
Bend,OR,44.0582,-121.3153
Benicia,CA,38.0494,-122.1586
Bennettsville,SC,34.6174,-79.6848
Benning Road,DC,38.8898,-76.9376
Benning,DC,38.8951,-76.9489
Bennington,VT,42.8781,-73.1968
Bennsville,MD,38.6093,-77.0122
Bensalem,PA,40.1046,-74.9513
Bensenville,IL,41.9550,-87.9401
Bensley,VA,37.4468,-77.4433
Benton Harbor,MI,42.1167,-86.4542
Benton,AR,34.5645,-92.5868
Benton,IL,37.9967,-88.9201
Bentonville,AR,36.3728,-94.2088
Berea,KY,37.5687,-84.2963
Berea,OH,41.3662,-81.8543
Berea,SC,34.8854,-82.4560
Bergenfield,NJ,40.9276,-73.9974
Berkeley Heights,NJ,40.6834,-74.4427
Berkeley,CA,37.8716,-122.2728
Berkeley,IL,41.8889,-87.9034
Berkeley,MO,38.7545,-90.3312
Berkley,CO,39.8044,-105.0261
Berkley,MA,41.8459,-71.0828
Berkley,MI,42.5031,-83.1835
Berlin,MD,38.3226,-75.2177
Berlin,NH,44.4687,-71.1851
Berlin,NJ,39.7912,-74.9291
Berlin,WI,43.9680,-88.9434
Bermuda Dunes,CA,33.7428,-116.2892
Bernalillo,NM,35.3000,-106.5511
Bernardsville,NJ,40.7187,-74.5693
Berryville,AR,36.3648,-93.5680
Berthoud,CO,40.3083,-105.0811
Berwick,PA,41.0545,-76.2333
Berwyn,IL,41.8506,-87.7937
Bessemer City,NC,35.2849,-81.2840
Bessemer,AL,33.4018,-86.9544
Bethalto,IL,38.9092,-90.0407
Bethany,OK,35.5187,-97.6323
Bethany,OR,45.5579,-122.8676
Bethel Park,PA,40.3276,-80.0395
Bethel,AK,60.7922,-161.7558
Bethel,CT,41.3712,-73.4140
Bethesda,MD,38.9807,-77.1003
Bethlehem,PA,40.6259,-75.3705
Bethpage,NY,40.7443,-73.4821
Bettendorf,IA,41.5245,-90.5157
Beverly Cove,MA,42.5534,-70.8537
Beverly Hills,FL,28.9169,-82.4582
Beverly Hills,MI,42.5239,-83.2233
Beverly,MA,42.5584,-70.8800
Bexley,OH,39.9689,-82.9377
Biddeford,ME,43.4926,-70.4534
Big Bear City,CA,34.2611,-116.8450
Big Bear Lake,CA,34.2439,-116.9114
Big Flats Airport,NY,42.1693,-76.8898
Big Flats,NY,42.1373,-76.9369
Big Lake,MN,45.3325,-93.7461
Big Park,AZ,34.7803,-111.7626
Big Rapids,MI,43.6981,-85.4837
Big Spring,TX,32.2504,-101.4787
Big Stone Gap,VA,36.8818,-82.7471
Billerica,MA,42.5584,-71.2690
Billings,MT,45.7833,-108.5007
Biloxi,MS,30.3960,-88.8853
Binghamton,NY,42.0987,-75.9180
Birch Bay,WA,48.9179,-122.7446
Birdsboro,PA,40.2645,-75.8041
Birmingham,AL,33.5207,-86.8025
Birmingham,MI,42.5467,-83.2113
Bisbee,AZ,31.4481,-109.9284
Bismarck,ND,46.8083,-100.7837
Bithlo,FL,28.5547,-81.1064
Bixby,OK,35.9420,-95.8833
Black Forest,CO,39.0130,-104.7008
Black Jack,MO,38.7934,-90.2673
Black Mountain,NC,35.6179,-82.3212
Blackfoot,ID,43.1905,-112.3450
Blackhawk,CA,37.8208,-121.9077
Blacklick Estates,OH,39.9051,-82.8643
Blacksburg,VA,37.2296,-80.4139
Blackstone,MA,42.0179,-71.5412
Blackwell,OK,36.8045,-97.2828
Bladensburg,MD,38.9393,-76.9339
Blaine,MN,45.1608,-93.2349
Blaine,WA,48.9937,-122.7471
Blair,NE,41.5444,-96.1250
Blakely,PA,41.4809,-75.5946
Blanchard,OK,35.1378,-97.6581
Blandon,PA,40.4412,-75.8869
Blauvelt,NY,41.0634,-73.9576
Bliss Corner,MA,41.6118,-70.9384
Bloomfield,CT,41.8265,-72.7301
Bloomfield,NJ,40.8068,-74.1854
Bloomfield,NM,36.7111,-107.9845
Bloomingdale,FL,27.8936,-82.2404
Bloomingdale,IL,41.9575,-88.0809
Bloomingdale,NJ,40.4976,-74.6474
Bloomingdale,NJ,41.0020,-74.3265
Bloomingdale,TN,36.5846,-82.4893
Bloomington,CA,34.0703,-117.3959
Bloomington,IL,40.4842,-88.9937
Bloomington,IN,39.1653,-86.5264
Bloomington,MN,44.8408,-93.2983
Bloomsburg,PA,41.0037,-76.4549
Blue Ash,OH,39.2320,-84.3783
Blue Bell,PA,40.1523,-75.2663
Blue Island,IL,41.6573,-87.6800
Blue Springs,MO,39.0170,-94.2816
Bluefield,VA,37.2526,-81.2712
Bluefield,WV,37.2698,-81.2223
Bluffdale,UT,40.4897,-111.9388
Bluffton,IN,40.7387,-85.1716
Bluffton,SC,32.2371,-80.8604
Blythe,CA,33.6103,-114.5964
Blytheville,AR,35.9273,-89.9190
Boardman,OH,41.0242,-80.6629
Boaz,AL,34.2007,-86.1664
Boca Del Mar,FL,26.3451,-80.1467
Boca Raton,FL,26.3587,-80.0831
Boerne,TX,29.7947,-98.7320
Bogalusa,LA,30.7910,-89.8487
Bogota,NJ,40.8762,-74.0299
Bohemia,NY,40.7693,-73.1151
Boiling Spring Lakes,NC,34.0305,-78.0672
Boiling Springs,SC,33.1352,-81.4312
Boiling Springs,SC,35.0465,-81.9818
Boise,ID,43.6135,-116.2035
Bolingbrook,IL,41.6986,-88.0684
Bolivar,MO,37.6145,-93.4105
Bolivar,TN,35.2562,-88.9878
Bon Air,VA,37.5249,-77.5578
Bonadelle Ranchos-Madera Ranchos,CA,36.9847,-119.8746
Bonham,TX,33.5773,-96.1783
Bonita Springs,FL,26.3398,-81.7787
Bonita,CA,32.6578,-117.0300
Bonne Terre,MO,37.9231,-90.5554
Bonner Springs,KS,39.0597,-94.8836
Bonney Lake,WA,47.1771,-122.1865
Boone,IA,42.0597,-93.8802
Boone,NC,36.2168,-81.6745
Booneville,MS,34.6581,-88.5667
Boonton,NJ,40.9026,-74.4071
Boonville,IN,38.0492,-87.2742
Boonville,MO,38.9736,-92.7432
Borger,TX,35.6678,-101.3974
Bossier City,LA,32.5160,-93.7321
Boston,MA,42.3584,-71.0598
Boston,NY,42.6290,-78.7375
Bostonia,CA,32.8130,-116.9440
Bothell East,WA,47.8063,-122.1843
Bothell West,WA,47.8053,-122.2406
Bothell,WA,47.7623,-122.2054
Boulder City,NV,35.9786,-114.8325
Boulder Hill,IL,41.7125,-88.3362
Boulder,CO,40.0150,-105.2706
Boulevard Park,WA,47.5130,-122.3170
Bound Brook,NJ,40.5684,-74.5385
Bountiful,UT,40.8894,-111.8808
Bourbonnais,IL,41.1538,-87.8875
Bow Bog,NH,43.1206,-71.5115
Bowie,MD,38.9428,-76.7303
Bowie,TX,33.5590,-97.8487
Bowleys Quarters,MD,39.3354,-76.3902
Bowling Green,KY,36.9903,-86.4436
Bowling Green,MO,39.3420,-91.1951
Bowling Green,OH,41.3748,-83.6513
Box Elder,SD,44.1125,-103.0682
Boyes Hot Springs,CA,38.3138,-122.4819
Boyette,FL,27.8175,-82.2226
Boynton Beach,FL,26.5253,-80.0664
Bozeman,MT,45.6797,-111.0386
Bradenton,FL,27.4989,-82.5748
Bradford,PA,41.9559,-78.6439
Bradley Gardens,NJ,40.5629,-74.6546
Bradley,IL,41.1420,-87.8611
Brady,TX,31.1352,-99.3351
Braidwood,IL,41.2650,-88.2123
Brainerd,MN,46.3580,-94.2008
Braintree,MA,42.2038,-71.0022
Brambleton,VA,38.9821,-77.5386
Brandermill,VA,37.4321,-77.6497
Brandon,FL,27.9378,-82.2859
Brandon,MS,32.2732,-89.9859
Brandon,SD,43.5947,-96.5720
Brandywine,MD,38.6968,-76.8478
Branford Center,CT,41.2774,-72.8151
Branford,CT,41.2795,-72.8151
Branson,MO,36.6437,-93.2185
Braselton,GA,34.1093,-83.7627
Brattleboro,VT,42.8509,-72.5579
Brawley,CA,32.9787,-115.5303
Brazil,IN,39.5237,-87.1250
Brea,CA,33.9167,-117.9001
Breaux Bridge,LA,30.2735,-91.8993
Breckenridge,TX,32.7557,-98.9023
Brecksville,OH,41.3198,-81.6268
Bremen,GA,33.7212,-85.1455
Bremerton,WA,47.5673,-122.6326
Brenham,TX,30.1669,-96.3977
Brent,FL,30.4688,-87.2361
Brentwood Village,DC,38.9209,-76.9844
Brentwood,CA,37.9319,-121.6958
Brentwood,MO,38.6176,-90.3493
Brentwood,NY,40.7812,-73.2462
Brentwood,PA,40.3706,-79.9748
Brentwood,TN,36.0331,-86.7828
Brevard,NC,35.2334,-82.7343
Brewer,ME,44.7967,-68.7614
Brewton,AL,31.1052,-87.0722
Briar Chapel,NC,35.8242,-79.1169
Briar,TX,32.9951,-97.5428
Briarcliff Manor,NY,41.1457,-73.8238
Brick,NJ,40.0593,-74.1371
Bridge City,LA,29.9333,-90.1701
Bridge City,TX,30.0208,-93.8457
Bridgeport,CT,41.1792,-73.1894
Bridgeport,MI,43.3595,-83.8816
Bridgeport,TX,33.2101,-97.7548
Bridgeport,WV,39.2865,-80.2562
Bridgeton,MO,38.7670,-90.4115
Bridgeton,NJ,39.4273,-75.2341
Bridgetown,OH,39.1531,-84.6372
Bridgeview,IL,41.7500,-87.8042
Bridgeville,PA,40.3562,-80.1101
Bridgewater,MA,41.9904,-70.9750
Bridgewater,NJ,40.6008,-74.6482
Bridgewater,VA,38.3821,-78.9767
Brier,WA,47.7845,-122.2743
Brigantine,NJ,39.4101,-74.3646
Brigham City,UT,41.5102,-112.0155
Bright,IN,39.2184,-84.8561
Brighton,CO,39.9853,-104.8205
Brighton,MA,42.3501,-71.1564
Brighton,MI,42.5295,-83.7802
Brighton,NY,43.1476,-77.5506
Brightwood,DC,38.9612,-77.0275
Bristol,CT,41.6718,-72.9493
Bristol,PA,40.1007,-74.8518
Bristol,RI,41.6771,-71.2662
Bristol,TN,36.5951,-82.1887
Bristol,VA,36.5965,-82.1885
Bristow,VA,38.7229,-77.5361
Broad Ripple,IN,39.8667,-86.1416
Broadlands,VA,39.0182,-77.5203
Broadview Heights,OH,41.3139,-81.6851
Broadview Park,FL,26.0995,-80.2087
Broadview,IL,41.8639,-87.8534
Brock Hall,MD,38.8501,-76.7611
Brockport,NY,43.2137,-77.9392
Brockton,MA,42.0834,-71.0184
Broken Arrow,OK,36.0526,-95.7908
Bronxville,NY,40.9382,-73.8321
Brook Farm,MA,42.2886,-71.1630
Brook Highland,AL,33.4357,-86.6739
Brook Park,OH,41.3984,-81.8046
Brookdale,NJ,40.8337,-74.1829
Brookfield,IL,41.8239,-87.8517
Brookfield,WI,43.0606,-88.1065
Brookhaven,GA,33.8584,-84.3402
Brookhaven,MS,31.5791,-90.4407
Brookhaven,PA,39.8693,-75.3824
Brookhaven,WV,39.6118,-79.9045
Brookings,OR,42.0526,-124.2840
Brookings,SD,44.3114,-96.7984
Brookland,DC,38.9329,-76.9841
Brookline,MA,42.3318,-71.1212
Brooklyn Center,MN,45.0761,-93.3327
Brooklyn Park,MD,39.2284,-76.6164
Brooklyn Park,MN,45.0941,-93.3563
Brooklyn,MD,39.2304,-76.6022
Brooklyn,NY,40.6501,-73.9496
Brooklyn,OH,41.4398,-81.7354
Brookshire,TX,29.7861,-95.9511
Brookside,DE,39.6671,-75.7269
Brooksville,FL,28.5555,-82.3899
Brookville,OH,39.8367,-84.4113
Broomall,PA,39.9815,-75.3566
Broomfield,CO,39.9205,-105.0867
Broussard,LA,30.1471,-91.9612
Brown Deer,WI,43.1633,-87.9645
Brownfield,TX,33.1812,-102.2743
Browns Mills,NJ,39.9726,-74.5829
Brownsburg,IN,39.8434,-86.3978
Brownsfield,LA,30.5466,-91.1207
Brownsville,FL,25.8218,-80.2412
Brownsville,TN,35.5940,-89.2623
Brownsville,TX,25.9017,-97.4975
Brownwood,TX,31.7093,-98.9912
Brunswick,GA,31.1501,-81.4915
Brunswick,MD,39.3143,-77.6278
Brunswick,ME,43.9145,-69.9653
Brunswick,OH,41.2381,-81.8418
Brush,CO,40.2589,-103.6238
Brushy Creek,TX,30.5135,-97.7397
Bryan,OH,41.4748,-84.5524
Bryan,TX,30.6744,-96.3700
Bryans Road,MD,38.6271,-77.0730
Bryant,AR,34.5959,-92.4891
Bryn Mawr,PA,40.3040,-80.0867
Bryn Mawr-Skyway,WA,47.4943,-122.2409
Buckeye,AZ,33.3703,-112.5838
Buckhall,VA,38.7318,-77.4311
Buckhannon,WV,38.9940,-80.2320
Buckner,KY,38.3837,-85.4400
Bucyrus,OH,40.8084,-82.9755
Buda,TX,30.0852,-97.8403
Budd Lake,NJ,40.8712,-74.7340
Buechel,KY,38.1951,-85.6519
Buellton,CA,34.6136,-120.1927
Buena Park,CA,33.8675,-117.9981
Buena Vista,MI,43.4203,-83.8986
Buena Vista,VA,37.7343,-79.3539
Buenaventura Lakes,FL,28.3358,-81.3531
Buffalo Grove,IL,42.1514,-87.9598
Buffalo,MN,45.1719,-93.8747
Buffalo,NY,42.8865,-78.8784
Buford,GA,34.1207,-84.0044
Bull Run,VA,38.7837,-77.5206
Bullhead City,AZ,35.1478,-114.5683
Burbank,CA,34.1808,-118.3090
Burbank,IL,41.7339,-87.7795
Burien,WA,47.4704,-122.3468
Burkburnett,TX,34.0979,-98.5706
Burke,VA,38.7934,-77.2716
Burleson,TX,32.5421,-97.3208
Burley,ID,42.5357,-113.7928
Burlingame,CA,37.5841,-122.3661
Burlington,IA,40.8075,-91.1129
Burlington,KY,39.0276,-84.7241
Burlington,MA,42.5048,-71.1956
Burlington,NC,36.0957,-79.4378
Burlington,NJ,40.0712,-74.8649
Burlington,VT,44.4759,-73.2121
Burlington,WA,48.4757,-122.3254
Burlington,WI,42.6781,-88.2762
Burnet,TX,30.7582,-98.2284
Burnsville,MN,44.7677,-93.2777
Burr Ridge,IL,41.7489,-87.9184
Burton,MI,42.9995,-83.6163
Burton,SC,32.4357,-80.7240
Burtonsville,MD,39.1112,-76.9325
Butler,NJ,41.0037,-74.3415
Butler,PA,40.8612,-79.8953
Butner,NC,36.1321,-78.7567
Butte,MT,46.0038,-112.5347
Buxton,ME,43.6379,-70.5189
Byram,MS,32.1793,-90.2454
Byron Center,MI,42.8122,-85.7228
Byron,GA,32.6538,-83.7596
Byron,MN,44.0327,-92.6455
Cabot,AR,34.9745,-92.0165
Cadillac,MI,44.2520,-85.4012
Cahaba Heights,AL,33.4640,-86.7319
Cahokia,IL,38.5709,-90.1901
Cairo,GA,30.8775,-84.2021
Caldwell,ID,43.6629,-116.6874
Caldwell,NJ,40.8398,-74.2765
Caledonia,WI,42.8078,-87.9243
Calera,AL,33.1029,-86.7536
Calexico,CA,32.6790,-115.4989
Calhoun,GA,34.5026,-84.9510
California City,CA,35.1258,-117.9859
California,MD,38.3004,-76.5075
California,PA,40.0656,-79.8917
Calimesa,CA,34.0039,-117.0620
Calipatria,CA,33.1256,-115.5142
Calistoga,CA,38.5788,-122.5797
Callaway,FL,30.1530,-85.5699
Calumet City,IL,41.6156,-87.5295
Calumet Park,IL,41.6628,-87.6606
Calverton,MD,39.0576,-76.9358
Calverton,NY,40.9065,-72.7434
Camano,WA,48.1740,-122.5282
Camarillo,CA,34.2164,-119.0376
Camas,WA,45.5871,-122.3995
Cambria,CA,35.5641,-121.0807
Cambridge,MA,42.3751,-71.1056
Cambridge,MD,38.5632,-76.0788
Cambridge,MN,45.5727,-93.2244
Cambridge,OH,40.0312,-81.5885
Camden,AR,33.5846,-92.8343
Camden,NJ,39.9260,-75.1196
Camden,SC,34.2465,-80.6070
Cameron Park Colonia,TX,25.9715,-97.4783
Cameron Park,CA,38.6688,-120.9872
Cameron Park,TX,25.9645,-97.4767
Cameron,MO,39.7403,-94.2411
Cameron,TX,30.8532,-96.9769
Camilla,GA,31.2313,-84.2105
Camp Hill,PA,40.2398,-76.9200
Camp Pendleton North,CA,33.3147,-117.3160
Camp Pendleton South,CA,33.2284,-117.3793
Camp Springs,MD,38.8040,-76.9066
Camp Swift,TX,30.1908,-97.2922
Camp Verde,AZ,34.5636,-111.8543
Campbell,CA,37.2872,-121.9500
Campbell,OH,41.0784,-80.5992
Campbellsville,KY,37.3434,-85.3419
Canal Fulton,OH,40.8898,-81.5976
Canal Winchester,OH,39.8428,-82.8046
Canandaigua,NY,42.8742,-77.2880
Canby,OR,45.2629,-122.6926
Candler-McAfee,GA,33.7267,-84.2725
Canfield,OH,41.0251,-80.7609
Canonsburg,PA,40.2626,-80.1873
Canton,GA,34.2368,-84.4908
Canton,IL,40.5581,-90.0351
Canton,MA,42.1584,-71.1448
Canton,MD,39.2804,-76.5666
Canton,MI,42.3087,-83.4822
Canton,MS,32.6126,-90.0367
Canton,NY,44.5956,-75.1691
Canton,OH,40.7989,-81.3785
Canutillo,TX,31.9115,-106.6003
Canyon Lake,CA,33.6850,-117.2731
Canyon Lake,TX,29.8752,-98.2625
Canyon Rim,UT,40.7066,-111.8219
Canyon,TX,34.9803,-101.9188
Cape Canaveral,FL,28.4058,-80.6048
Cape Coral,FL,26.5629,-81.9495
Cape Girardeau,MO,37.3059,-89.5182
Cape May Court House,NJ,39.0826,-74.8238
Cape Saint Claire,MD,39.0432,-76.4450
Capitol Gateway,DC,38.8911,-76.9185
Capitol Riverfront,DC,38.8780,-77.0031
Capitola,CA,36.9752,-121.9533
Carbondale,CO,39.4022,-107.2112
Carbondale,IL,37.7273,-89.2168
Carbondale,PA,41.5737,-75.5019
Carencro,LA,30.3171,-92.0490
Caribou,ME,46.8606,-68.0120
Carl Junction,MO,37.1767,-94.5655
Carlinville,IL,39.2798,-89.8818
Carlisle,OH,39.5820,-84.3202
Carlisle,PA,40.2015,-77.1889
Carlsbad,CA,33.1581,-117.3506
Carlsbad,NM,32.4207,-104.2288
Carlstadt,NJ,40.8404,-74.0907
Carmel Hamlet,NY,41.4149,-73.6852
Carmel,IN,39.9784,-86.1180
Carmi,IL,38.0909,-88.1586
Carmichael,CA,38.6171,-121.3283
Carnegie,PA,40.4087,-80.0834
Carney,MD,39.3943,-76.5236
Carneys Point,NJ,39.7112,-75.4702
Carnot-Moon,PA,40.5186,-80.2174
Carol City,FL,25.9407,-80.2456
Carol Stream,IL,41.9125,-88.1348
Carolina Beach,NC,34.0352,-77.8936
Carpentersville,IL,42.1211,-88.2579
Carpinteria,CA,34.3989,-119.5185
Carrboro,NC,35.9101,-79.0753
Carriere,MS,30.6169,-89.6526
Carrizo Springs,TX,28.5219,-99.8606
Carroll,IA,42.0658,-94.8669
Carrollton,GA,33.5801,-85.0766
Carrollton,MI,43.4586,-83.9303
Carrollton,TX,32.9537,-96.8903
Carrollwood Village,FL,28.0675,-82.5209
Carrollwood,FL,28.0500,-82.4929
Carson City,NV,39.1638,-119.7674
Carson,CA,33.8314,-118.2820
Carteret,NJ,40.5773,-74.2282
Cartersville,GA,34.1653,-84.8023
Carterville,IL,37.7600,-89.0773
Carthage,MO,37.1765,-94.3102
Carthage,TX,32.1574,-94.3374
Caruthersville,MO,36.1931,-89.6556
Carver,MA,41.8834,-70.7625
Cary,IL,42.2120,-88.2381
Cary,NC,35.7915,-78.7811
Casa Grande,AZ,32.8795,-111.7574
Casa de Oro-Mount Helix,CA,32.7640,-116.9688
Casas Adobes,AZ,32.3234,-110.9951
Casper,WY,42.8666,-106.3131
Casselberry,FL,28.6778,-81.3278
Castaic,CA,34.4889,-118.6229
Castle Pines North,CO,39.4717,-104.8948
Castle Rock,CO,39.3722,-104.8561
Castle Shannon,PA,40.3648,-80.0223
Castro Valley,CA,37.6941,-122.0863
Castroville,CA,36.7658,-121.7580
Catalina Foothills,AZ,32.2978,-110.9187
Catalina,AZ,32.5056,-110.9211
Catasauqua,PA,40.6548,-75.4746
Cathedral City,CA,33.7797,-116.4653
Catonsville,MD,39.2721,-76.7319
Catoosa,OK,36.1890,-95.7458
Cave Creek,AZ,33.8333,-111.9508
Cave Spring,VA,37.2276,-80.0128
Cayce,SC,33.9657,-81.0740
Cañon City,CO,38.4410,-105.2425
Cedar City,UT,37.6775,-113.0619
Cedar Falls,IA,42.5278,-92.4455
Cedar Grove,NJ,40.8518,-74.2290
Cedar Hill,TX,32.5885,-96.9561
Cedar Hills,OR,45.5048,-122.7984
Cedar Hills,UT,40.4141,-111.7585
Cedar Lake,IN,41.3648,-87.4411
Cedar Mill,OR,45.5248,-122.8109
Cedar Park,TX,30.5052,-97.8203
Cedar Rapids,IA,42.0083,-91.6441
Cedarburg,WI,43.2967,-87.9876
Cedarhurst,NY,40.6229,-73.7243
Cedartown,GA,34.0112,-85.2559
Celebration,FL,28.3253,-81.5331
Celina,OH,40.5489,-84.5702
Celina,TX,33.3246,-96.7844
Centennial,CO,39.5792,-104.8769
Center Line,MI,42.4850,-83.0277
Center Moriches,NY,40.8004,-72.7898
Center Point,AL,33.6457,-86.6836
Center,TX,31.5107,-96.4247
Center,TX,31.7954,-94.1791
Centereach,NY,40.8584,-73.0995
Centerport,NY,40.8854,-73.3762
Centerport,NY,43.0409,-76.5927
Centerton,AR,36.3598,-94.2852
Centerville,GA,32.6301,-83.6896
Centerville,IA,40.7342,-92.8741
Centerville,IA,42.0928,-93.9355
Centerville,MA,41.6487,-70.3481
Centerville,OH,39.6284,-84.1594
Centerville,SC,32.9957,-80.1704
Centerville,SC,34.5320,-82.7040
Centerville,UT,40.9180,-111.8722
Central 14th Street / Spring Road,DC,38.9371,-77.0327
Central 14th Street / WMATA Northern Bus Barn,DC,38.9447,-77.0326
Central City,KY,37.2939,-87.1233
Central Falls,RI,41.8907,-71.3923
Central Islip,NY,40.7906,-73.2018
Central Point,OR,42.3760,-122.9164
Central,LA,30.5543,-91.0368
Central,SC,34.7243,-82.7812
Centralia,IL,38.5251,-89.1334
Centralia,WA,46.7162,-122.9543
Centreville,IL,38.5834,-90.1251
Centreville,VA,38.8404,-77.4289
Ceres,CA,37.5949,-120.9577
Cerritos,CA,33.8584,-118.0648
Chackbay,LA,29.8835,-90.7973
Chadron,NE,42.8294,-102.9999
Chalco,NE,41.1839,-96.1503
Chalmette,LA,29.9430,-89.9654
Chamberlayne,VA,37.6265,-77.4286
Chambersburg,PA,39.9376,-77.6611
Chamblee,GA,33.8920,-84.2988
Champaign,IL,40.1164,-88.2434
Champion Heights,OH,41.2900,-80.8460
Champlin,MN,45.1889,-93.3975
Chandler,AZ,33.3062,-111.8413
Chanhassen,MN,44.8622,-93.5308
Channahon,IL,41.4295,-88.2287
Channelview,TX,29.7761,-95.1146
Chantilly,VA,38.8943,-77.4311
Chanute,KS,37.6792,-95.4572
Chaparral,NM,32.0238,-106.3857
Chapel Hill,NC,35.9132,-79.0558
Chardon,OH,41.6142,-81.1490
Charles City,IA,43.0664,-92.6724
Charles Town,WV,39.2890,-77.8597
Charles Village,MD,39.3232,-76.6133
Charleston,IL,39.4962,-88.1762
Charleston,MO,36.9209,-89.3506
Charleston,SC,32.7763,-79.9327
Charleston,WV,38.3498,-81.6326
Charlestown,IN,38.4531,-85.6702
Charlestown,MA,42.3779,-71.0620
Charlestown,RI,41.3832,-71.6417
Charlotte,MI,42.5637,-84.8358
Charlotte,NC,35.2271,-80.8431
Charlottesville,VA,38.0293,-78.4767
Charlton,MA,42.1356,-71.9701
Charter Oak,CA,34.1031,-117.8459
Chaska,MN,44.7894,-93.6022
Chatham,IL,39.6762,-89.7045
Chatham,NJ,40.7409,-74.3838
Chattanooga,TN,35.0456,-85.3097
Cheat Lake,WV,39.6720,-79.8534
Cheektowaga,NY,42.9034,-78.7548
Chehalis,WA,46.6621,-122.9640
Chelmsford,MA,42.5998,-71.3673
Chelsea,AL,33.3401,-86.6303
Chelsea,MA,42.3918,-71.0328
Chelsea,MI,42.3181,-84.0218
Cheney,WA,47.4874,-117.5758
Cheraw,SC,34.6977,-79.8834
Cherokee,IA,42.7494,-95.5517
Cherry Creek,CO,39.6110,-104.8610
Cherry Hill Mall,NJ,39.9359,-75.0091
Cherry Hill,MD,39.2548,-76.6344
Cherry Hill,NJ,39.9348,-75.0307
Cherry Hill,VA,38.5698,-77.2669
Cherry Hills Village,CO,39.6416,-104.9594
Cherry Valley,CA,33.9725,-116.9772
Cherryland,CA,37.6794,-122.1033
Cherryville,NC,35.3787,-81.3790
Chesapeake Beach,MD,38.6862,-76.5347
Chesapeake Ranch Estates,MD,38.3462,-76.4177
Chesapeake Ranch Estates-Drum Point,MD,38.3502,-76.4189
Chesapeake,VA,36.8190,-76.2749
Cheshire Village,CT,41.5026,-72.8995
Cheshire,CT,41.4990,-72.9007
Chester Springs,PA,40.0951,-75.6169
Chester,IL,37.9137,-89.8221
Chester,NH,42.9567,-71.2573
Chester,PA,39.8475,-75.3578
Chester,SC,34.7049,-81.2143
Chester,VA,37.3568,-77.4416
Chesterfield,MO,38.6631,-90.5771
Chesterton,IN,41.6106,-87.0642
Chestertown,MD,39.2090,-76.0666
Chestnut Hill,MA,42.3306,-71.1662
Chestnut Ridge,NY,41.0843,-74.0557
Cheswolde,MD,39.3640,-76.6891
Cheval,FL,28.1486,-82.5145
Cheverly,MD,38.9282,-76.9158
Cheviot,OH,39.1570,-84.6133
Chevy Chase,DC,38.9810,-77.0830
Chevy Chase,MD,39.0029,-77.0712
Cheyenne,WY,41.1400,-104.8203
Chicago Heights,IL,41.5061,-87.6356
Chicago Ridge,IL,41.7014,-87.7792
Chicago,IL,41.8500,-87.6500
Chickasaw,AL,30.7638,-88.0747
Chickasha,OK,35.0526,-97.9364
Chico,CA,39.7285,-121.8375
Chicopee,MA,42.1487,-72.6079
Childersburg,AL,33.2782,-86.3550
Childress,TX,34.4265,-100.2040
Chillicothe,IL,40.9223,-89.4862
Chillicothe,MO,39.7953,-93.5524
Chillicothe,OH,39.3331,-82.9824
Chillum,MD,38.9637,-76.9908
Chino Hills,CA,33.9938,-117.7589
Chino Valley,AZ,34.7575,-112.4538
Chino,CA,34.0122,-117.6889
Chippewa Falls,WI,44.9369,-91.3929
Choctaw,OK,35.4976,-97.2689
Chowchilla,CA,37.1230,-120.2602
Christiana,TN,35.7101,-86.3994
Christiansburg,VA,37.1298,-80.4089
Chubbuck,ID,42.9207,-112.4661
Chuckey,TN,36.2159,-82.6882
Chula Vista,CA,32.6401,-117.0842
Church Hill,TN,36.5223,-82.7135
Cibolo,TX,29.5616,-98.2270
Cicero,IL,41.8456,-87.7539
Cicero,NY,43.1756,-76.1194
Cincinnati,OH,39.1271,-84.5144
Cinco Ranch,TX,29.7388,-95.7580
Cinnaminson,NJ,39.9968,-74.9927
Circleville,OH,39.6006,-82.9460
Citra,FL,29.4119,-82.1098
Citrus Heights,CA,38.7071,-121.2811
Citrus Hills,FL,28.8883,-82.4326
Citrus Park,FL,28.0784,-82.5698
Citrus Ridge,FL,28.3339,-81.6423
Citrus Springs,FL,28.9975,-82.4707
Citrus,CA,34.1150,-117.8917
City of Milford (balance),CT,41.2237,-73.0616
City of Sammamish,WA,47.6044,-122.0377
Clackamas,OR,45.4076,-122.5704
Claiborne,LA,32.5160,-92.1918
Clairton,PA,40.2923,-79.8817
Clanton,AL,32.8387,-86.6294
Claremont,CA,34.0967,-117.7198
Claremont,NH,43.3767,-72.3468
Claremore,OK,36.3126,-95.6161
Clarendon Hills,IL,41.7975,-87.9548
Clarendon Hills,MA,42.2751,-71.1245
Clarinda,IA,40.7398,-95.0380
Clarion,PA,41.2148,-79.3853
Clark,NJ,40.6300,-74.3100
Clark-Fulton,OH,41.4640,-81.7098
Clarksburg,MD,39.2387,-77.2794
Clarksburg,WV,39.2807,-80.3445
Clarksdale,MS,34.2001,-90.5709
Clarkston Heights-Vineland,WA,46.3874,-117.0830
Clarkston,GA,33.8096,-84.2396
Clarkston,WA,46.4163,-117.0456
Clarksville,AR,35.4715,-93.4666
Clarksville,IN,38.2967,-85.7600
Clarksville,TN,36.5298,-87.3594
Clawson,MI,42.5334,-83.1463
Clay,AL,33.7026,-86.5997
Clay,NY,43.1859,-76.1724
Claymont,DE,39.8007,-75.4596
Clayton,CA,37.9410,-121.9358
Clayton,MO,38.6425,-90.3237
Clayton,NC,35.6507,-78.4564
Clayton,NJ,39.6601,-75.0921
Clayton,OH,39.8631,-84.3605
Clear Lake,IA,43.1380,-93.3794
Clearfield,PA,41.0273,-78.4392
Clearfield,UT,41.1108,-112.0260
Clearlake,CA,38.9582,-122.6264
Clearwater,FL,27.9658,-82.8001
Cleburne,TX,32.3476,-97.3867
Clemmons,NC,36.0215,-80.3820
Clemson,SC,34.6834,-82.8374
Clermont,FL,28.5494,-81.7729
Cleveland Heights,OH,41.5200,-81.5562
Cleveland Park,DC,38.9362,-77.0655
Cleveland,MS,33.7440,-90.7248
Cleveland,OH,41.4995,-81.6954
Cleveland,TN,35.1595,-84.8766
Cleveland,TX,30.3413,-95.0855
Clewiston,FL,26.7542,-80.9337
Cliffside Park,NJ,40.8215,-73.9876
Clifton Heights,PA,39.9293,-75.2963
Clifton Park,NY,42.8656,-73.7709
Clifton,CO,39.0919,-108.4490
Clifton,NJ,40.8584,-74.1638
Clinton Township,MI,42.5870,-82.9199
Clinton,IA,41.8445,-90.1887
Clinton,IL,40.1536,-88.9645
Clinton,MA,42.4168,-71.6829
Clinton,MD,38.7651,-76.8983
Clinton,MO,38.3686,-93.7783
Clinton,MS,32.3415,-90.3218
Clinton,NC,34.9980,-78.3233
Clinton,OK,35.5156,-98.9673
Clinton,SC,34.4726,-81.8807
Clinton,TN,36.1034,-84.1319
Clinton,UT,41.1397,-112.0505
Clive,IA,41.6030,-93.7241
Cloquet,MN,46.7216,-92.4594
Closter,NJ,40.9731,-73.9615
Clover,SC,35.1112,-81.2265
Cloverdale,CA,38.8055,-123.0172
Cloverly,MD,39.1082,-76.9977
Clovis,CA,36.8252,-119.7029
Clovis,NM,34.4048,-103.2052
Clute,TX,29.0247,-95.3988
Clyde,OH,41.3042,-82.9752
Coachella,CA,33.6803,-116.1739
Coal City,IL,41.2878,-88.2856
Coalinga,CA,36.1397,-120.3602
Coatesville,PA,39.9832,-75.8238
Cochituate,MA,42.3209,-71.3642
Cockeysville,MD,39.4812,-76.6439
Cocoa Beach,FL,28.3206,-80.6092
Cocoa West,FL,28.3594,-80.7711
Cocoa,FL,28.3861,-80.7420
Coconut Creek,FL,26.2518,-80.1789
Coconut Grove,FL,25.7126,-80.2570
Cody,WY,44.5263,-109.0565
Coeur d'Alene,ID,47.6777,-116.7805
Coffeyville,KS,37.0373,-95.6164
Cohasset,MA,42.2418,-70.8037
Cohoes,NY,42.7742,-73.7001
Colby,KS,39.3958,-101.0524
Colchester,VT,44.5439,-73.1479
Cold Spring Harbor,NY,40.8715,-73.4568
Cold Spring,KY,39.0217,-84.4399
Cold Springs,NV,39.6802,-119.9766
Coldwater,MI,41.9403,-85.0005
Colesville,MD,39.0757,-77.0019
College Park,GA,33.6534,-84.4494
College Park,MD,38.9807,-76.9369
College Place,WA,46.0493,-118.3883
College Station,TX,30.6280,-96.3344
College,AK,64.8569,-147.8028
Collegedale,TN,35.0531,-85.0502
Collegeville,PA,40.1857,-75.4516
Colleyville,TX,32.8810,-97.1550
Collierville,TN,35.0420,-89.6645
Collingdale,PA,39.9118,-75.2771
Collingswood,NJ,39.9182,-75.0713
Collinsville,IL,38.6703,-89.9845
Collinsville,OK,36.3645,-95.8389
Collinsville,VA,36.7151,-79.9153
Collinwood,OH,41.5584,-81.5693
Colona,IL,41.4839,-90.3532
Colonia,NJ,40.5746,-74.3021
Colonial Heights,TN,36.4851,-82.5032
Colonial Heights,VA,37.2680,-77.4073
Colonial Park,PA,40.3006,-76.8097
Colonie,NY,42.7179,-73.8335
Colorado Springs,CO,38.8339,-104.8214
Colorado Triangle,DC,38.9561,-77.0333
Colton,CA,34.0739,-117.3136
Colts Neck,NJ,40.2876,-74.1724
Columbia City,IN,41.1573,-85.4883
Columbia City,WA,47.5640,-122.2754
Columbia Falls,MT,48.3725,-114.1815
Columbia Heights,DC,38.9257,-77.0294
Columbia Heights,MN,45.0408,-93.2630
Columbia,IL,38.4437,-90.2012
Columbia,MD,39.2404,-76.8394
Columbia,MO,38.9517,-92.3341
Columbia,MS,31.2518,-89.8376
Columbia,PA,40.0337,-76.5044
Columbia,SC,34.0007,-81.0348
Columbia,TN,35.6151,-87.0353
Columbiana,OH,40.8884,-80.6940
Columbine,CO,39.5878,-105.0694
Columbus,GA,32.4610,-84.9877
Columbus,IN,39.2014,-85.9214
Columbus,MS,33.4957,-88.4273
Columbus,NE,41.4297,-97.3684
Columbus,NJ,40.0726,-74.7207
Columbus,OH,39.9612,-82.9988
Colusa,CA,39.2143,-122.0094
Combee Settlement,FL,28.0584,-81.9054
Commack,NY,40.8429,-73.2929
Commerce City,CO,39.8083,-104.9339
Commerce,CA,34.0006,-118.1598
Commerce,GA,34.2040,-83.4571
Commerce,TX,33.2471,-95.9000
Compton,CA,33.8959,-118.2201
Comstock Northwest,MI,42.3218,-85.5176
Comstock Park,MI,43.0386,-85.6700
Concord,CA,37.9780,-122.0311
Concord,MA,42.4604,-71.3490
Concord,MO,38.5245,-90.3573
Concord,NC,35.4089,-80.5816
Concord,NH,43.2081,-71.5376
Concordia,KS,39.5708,-97.6625
Conda,ID,42.7283,-111.5324
Congers,NY,41.1506,-73.9454
Congress Heights,DC,38.8429,-77.0002
Conklin,NY,42.0342,-75.8038
Conley,GA,33.6448,-84.3258
Conneaut,OH,41.9476,-80.5542
Connell,WA,46.6635,-118.8611
Connellsville,PA,40.0179,-79.5895
Connersville,IN,39.6412,-85.1411
Conning Towers-Nautilus Park,CT,41.3855,-72.0688
Conover,NC,35.7065,-81.2187
Conroe,TX,30.3119,-95.4561
Conshohocken,PA,40.0793,-75.3016
Contra Costa Centre,CA,37.9275,-122.0579
Converse,TX,29.5180,-98.3161
Conway,AR,35.0887,-92.4421
Conway,FL,28.5028,-81.3306
Conway,SC,33.8360,-79.0478
Conyers,GA,33.6676,-84.0177
Cookeville,TN,36.1628,-85.5016
Coolidge Corner,MA,42.3459,-71.1245
Coolidge,AZ,32.9778,-111.5176
Coon Rapids,MN,45.1200,-93.2877
Cooper City,FL,26.0573,-80.2717
Coos Bay,OR,43.3665,-124.2179
Copiague,NY,40.6815,-73.3998
Copley,OH,41.0989,-81.6446
Coppell,TX,32.9546,-97.0150
Copperas Cove,TX,31.1241,-97.9031
Coral Gables,FL,25.7215,-80.2684
Coral Hills,MD,38.8704,-76.9211
Coral Springs,FL,26.2712,-80.2706
Coral Terrace,FL,25.7459,-80.3045
Coralville,IA,41.6764,-91.5804
Coram,NY,40.8687,-73.0015
Coraopolis,PA,40.5184,-80.1667
Corbin,KY,36.9487,-84.0969
Corcoran,CA,36.0980,-119.5604
Corcoran,MN,45.0952,-93.5475
Cordele,GA,31.9635,-83.7824
Cordova,TN,35.1557,-89.7762
Corinth,MS,34.9342,-88.5223
Corinth,TX,33.1540,-97.0647
Cornelius,NC,35.4868,-80.8601
Cornelius,OR,45.5198,-123.0598
Corning,CA,39.9277,-122.1792
Corning,NY,42.1429,-77.0547
Corona de Tucson,AZ,31.9654,-110.7756
Corona,CA,33.8753,-117.5664
Coronado,CA,32.6859,-117.1831
Corpus Christi,TX,27.8006,-97.3964
Corrales,NM,35.2378,-106.6067
Corry,PA,41.9203,-79.6403
Corsicana,TX,32.0954,-96.4689
Corte Madera,CA,37.9255,-122.5275
Cortez,CO,37.3489,-108.5859
Cortland,NY,42.6012,-76.1805
Cortland,OH,41.3303,-80.7254
Cortlandt Manor,NY,41.2800,-73.8716
Corvallis,OR,44.5646,-123.2620
Cos Cob,CT,41.0334,-73.5996
Coshocton,OH,40.2720,-81.8596
Costa Mesa,CA,33.6411,-117.9187
Cotati,CA,38.3269,-122.7072
Coto De Caza,CA,33.6042,-117.5870
Cottage Grove,MN,44.8277,-92.9438
Cottage Grove,OR,43.7976,-123.0595
Cottage Grove,WI,43.0761,-89.1996
Cottage Lake,WA,47.7443,-122.0773
Cottonwood Heights,UT,40.6197,-111.8102
Cottonwood,AZ,34.7392,-112.0099
Council Bluffs,IA,41.2619,-95.8608
Country Club Estates,GA,31.2127,-81.4643
Country Club Estates,GA,33.9893,-83.4096
Country Club Hills,IL,41.5681,-87.7203
Country Club,FL,25.9481,-80.3170
Country Homes,WA,47.7485,-117.4044
Country Walk,FL,25.6340,-80.4323
Countryside,IL,41.7828,-87.8781
Countryside,VA,39.0409,-77.4136
Covedale,OH,39.1212,-84.6063
Coventry,RI,41.7001,-71.6828
Covina,CA,34.0900,-117.8903
Covington,GA,33.5968,-83.8602
Covington,KY,39.0837,-84.5085
Covington,LA,30.4755,-90.1004
Covington,TN,35.5643,-89.6465
Covington,VA,37.7935,-79.9939
Covington,WA,47.3582,-122.1222
Coweta,OK,35.9518,-95.6508
Crafton,PA,40.4351,-80.0662
Craig,CO,40.5153,-107.5464
Cranberry Township,PA,40.6850,-80.1071
Cranford,NJ,40.6584,-74.2996
Cranston,RI,41.7798,-71.4373
Crawfordsville,IN,40.0412,-86.8744
Crescent City,CA,41.7559,-124.2018
Cresskill,NJ,40.9415,-73.9593
Crest Hill,IL,41.5547,-88.0987
Crestline,CA,34.2420,-117.2856
Creston,IA,41.0586,-94.3614
Crestview,FL,30.7621,-86.5705
Crestwood Village,NJ,39.9482,-74.3607
Crestwood,IL,41.6446,-87.7415
Crestwood,MO,38.5570,-90.3818
Creswell,OR,43.9179,-123.0245
Crete,IL,41.4445,-87.6314
Crete,NE,40.6278,-96.9614
Creve Coeur,IL,40.6473,-89.5912
Creve Coeur,MO,38.6609,-90.4226
Crockett,TX,31.3182,-95.4566
Crofton,MD,39.0018,-76.6875
Cromwell,CT,41.5951,-72.6454
Crookston,MN,47.7741,-96.6081
Cross Lanes,WV,38.4204,-81.7907
Crossett,AR,33.1282,-91.9612
Crossville,TN,35.9490,-85.0269
Croton-on-Hudson,NY,41.2084,-73.8912
Crowley,LA,30.2141,-92.3746
Crowley,TX,32.5790,-97.3625
Crown Point,IN,41.4170,-87.3653
Croydon,PA,40.0873,-74.9035
Crozet,VA,38.0696,-78.7006
Crystal City,TX,28.6775,-99.8281
Crystal Lake,FL,28.0356,-81.9084
Crystal Lake,IL,42.2411,-88.3162
Crystal,MN,45.0327,-93.3602
Cudahy,CA,33.9606,-118.1853
Cudahy,WI,42.9597,-87.8615
Cuero,TX,29.0939,-97.2892
Cullman,AL,34.1748,-86.8436
Cullowhee,NC,35.3137,-83.1765
Culpeper,VA,38.4732,-77.9967
Cumberland Hill,RI,41.9745,-71.4670
Cumberland,IN,39.7762,-85.9572
Cumberland,MD,39.6529,-78.7625
Cumberland,RI,41.9668,-71.4328
Cumming,GA,34.2073,-84.1402
Cupertino,CA,37.3230,-122.0322
Cushing,OK,35.9851,-96.7670
Cusseta,GA,32.3054,-84.7727
Cut Off,LA,29.5427,-90.3381
Cutler Bay,FL,25.5783,-80.3377
Cutler Ridge,FL,25.5807,-80.3467
Cutler,FL,25.6151,-80.3106
Cutlerville,MI,42.8409,-85.6636
Cuyahoga Falls,OH,41.1339,-81.4846
Cynthiana,KY,38.3903,-84.2941
Cypress Gardens,FL,27.9939,-81.6901
Cypress Lake,FL,26.5381,-81.8992
Cypress,CA,33.8170,-118.0373
Cypress,TX,29.9691,-95.6972
D'Iberville,MS,30.4263,-88.8909
Dacula,GA,33.9887,-83.8980
Dade City,FL,28.3647,-82.1959
Dahlonega,GA,34.5326,-83.9849
Dakota Ridge,CO,39.6164,-105.1393
Dale City,VA,38.6371,-77.3111
Daleville,AL,31.3102,-85.7130
Dalhart,TX,36.0595,-102.5132
Dallas,GA,33.9237,-84.8408
Dallas,OR,44.9193,-123.3170
Dallas,TX,32.7831,-96.8067
Dalton,GA,34.7698,-84.9702
Dalton,MA,42.4737,-73.1662
Daly City,CA,37.7058,-122.4619
Damascus,MD,39.2884,-77.2039
Damascus,OR,45.4176,-122.4590
Dana Point,CA,33.4670,-117.6981
Danbury,CT,41.3948,-73.4540
Dania Beach,FL,26.0523,-80.1439
Danvers,MA,42.5751,-70.9300
Danville,AL,34.4145,-87.0875
Danville,CA,37.8216,-122.0000
Danville,IL,40.1245,-87.6300
Danville,IN,39.7606,-86.5264
Danville,KY,37.6456,-84.7722
Danville,VA,36.5860,-79.3950
Daphne,AL,30.6035,-87.9036
Darby,PA,39.9184,-75.2591
Dardenne Prairie,MO,38.7695,-90.7290
Darien,CT,41.0787,-73.4693
Darien,IL,41.7520,-87.9740
Darlington,SC,34.2999,-79.8762
Darnestown,MD,39.1034,-77.2908
Davenport,IA,41.5236,-90.5776
Davidson,NC,35.5023,-80.8391
Davidsonville,MD,38.9229,-76.6283
Davie,FL,26.0629,-80.2331
Davis,CA,38.5449,-121.7405
Dayton,KY,39.1128,-84.4727
Dayton,MN,45.2439,-93.5150
Dayton,NJ,40.3726,-74.5101
Dayton,NV,39.2371,-119.5930
Dayton,OH,39.7589,-84.1916
Dayton,TN,35.4940,-85.0125
Dayton,TX,30.0466,-94.8852
Daytona Beach,FL,29.2108,-81.0228
De Pere,WI,44.4489,-88.0604
De Queen,AR,34.0379,-94.3413
De Soto,KS,38.9792,-94.9686
De Soto,MO,38.1395,-90.5551
De Witt,IA,41.8234,-90.5382
DeBary,FL,28.8831,-81.3087
DeForest,WI,43.2478,-89.3437
DeFuniak Springs,FL,30.7210,-86.1152
DeKalb,IL,41.9295,-88.7504
DeLand,FL,29.0283,-81.3031
DeRidder,LA,30.8463,-93.2891
DeSoto,TX,32.5899,-96.8569
Deanwood,DC,38.8984,-76.9294
Dearborn Heights,MI,42.3370,-83.2733
Dearborn,MI,42.3223,-83.1763
Decatur,AL,34.6059,-86.9833
Decatur,GA,33.7748,-84.2963
Decatur,IL,39.8403,-88.9548
Decatur,IN,40.8306,-84.9291
Decatur,TX,33.2343,-97.5861
Decorah,IA,43.3033,-91.7857
Dedham,MA,42.2418,-71.1662
Deer Park,NY,40.7618,-73.3293
Deer Park,OH,39.2053,-84.3947
Deer Park,TX,29.7052,-95.1238
Deerfield Beach,FL,26.3184,-80.0998
Deerfield,IL,42.1711,-87.8445
Defiance,OH,41.2845,-84.3558
Del Aire,CA,33.9161,-118.3695
Del City,OK,35.4420,-97.4409
Del Rio,TX,29.3627,-100.8968
Delafield,WI,43.0608,-88.4037
Delano,CA,35.7688,-119.2471
Delano,MN,45.0419,-93.7891
Delavan,WI,42.6331,-88.6437
Delaware,OH,40.2987,-83.0680
Delhi Hills,OH,39.0928,-84.6127
Delhi,CA,37.4322,-120.7785
Dellwood,MO,38.7495,-90.2857
Delmar,NY,42.6220,-73.8326
Delphos,OH,40.8434,-84.3416
Delray Beach,FL,26.4615,-80.0728
Delta,CO,38.7422,-108.0690
Deltona,FL,28.9005,-81.2637
Demarest,NJ,40.9573,-73.9635
Deming,NM,32.2687,-107.7586
Demopolis,AL,32.5176,-87.8364
Denham Springs,LA,30.4874,-90.9575
Denison,IA,42.0178,-95.3553
Denison,TX,33.7557,-96.5367
Dent,OH,39.1859,-84.6513
Denton,TX,33.2148,-97.1331
Dentsville,SC,34.0640,-80.9582
Denver,CO,39.7392,-104.9847
Denville,NJ,40.8923,-74.4774
Depew,NY,42.9040,-78.6923
Derby,CO,39.8394,-104.9186
Derby,CT,41.3207,-73.0890
Derby,KS,37.5456,-97.2689
Derry Village,NH,42.8918,-71.3120
Derry,NH,42.8806,-71.3273
Des Moines,IA,41.6005,-93.6091
Des Moines,WA,47.4018,-122.3243
Des Peres,MO,38.6009,-90.4329
Des Plaines,IL,42.0334,-87.8834
Deschutes River Woods,OR,43.9915,-121.3584
Desert Hot Springs,CA,33.9617,-116.5035
Destin,FL,30.3935,-86.4958
Destrehan,LA,29.9432,-90.3534
Detroit Lakes,MN,46.8172,-95.8453
Detroit,MI,42.3314,-83.0457
Detroit-Shoreway,OH,41.4777,-81.7299
Devils Lake,ND,48.1128,-98.8651
Dexter,MO,36.7959,-89.9579
Diamond Bar,CA,34.0286,-117.8103
Diamond Head / Kapahulu / Saint Louis Heights,HI,21.2770,-157.8113
Diamond Springs,CA,38.6946,-120.8149
Diamondhead,MS,30.3946,-89.3639
Diboll,TX,31.1871,-94.7810
Dickinson,ND,46.8792,-102.7896
Dickinson,TX,29.4608,-95.0513
Dickson City,PA,41.4715,-75.6077
Dickson,TN,36.0770,-87.3878
Dighton,MA,41.8140,-71.1203
Dillon,SC,34.4166,-79.3712
Dinuba,CA,36.5433,-119.3871
Discovery Bay,CA,37.9085,-121.6002
District Heights,MD,38.8576,-76.8894
Dix Hills,NY,40.8048,-73.3362
Dixiana,AL,33.7402,-86.6494
Dixon,CA,38.4455,-121.8233
Dixon,IL,41.8389,-89.4796
Dobbs Ferry,NY,41.0145,-73.8726
Dock Junction,GA,31.2024,-81.5168
Doctor Phillips,FL,28.4494,-81.4923
Dodge City,KS,37.7528,-100.0171
Doffing,TX,26.2745,-98.3859
Dolton,IL,41.6389,-87.6073
Donaldsonville,LA,30.1011,-90.9941
Donna,TX,26.1703,-98.0520
Doral,FL,25.8195,-80.3553
Doraville,GA,33.8982,-84.2833
Dorchester,MA,42.2973,-71.0745
Dormont,PA,40.3959,-80.0331
Dos Palos,CA,36.9861,-120.6266
Dothan,AL,31.2232,-85.3905
Douglas,AZ,31.3446,-109.5453
Douglas,GA,31.5088,-82.8499
Douglas,MA,42.0543,-71.7395
Douglas,WY,42.7597,-105.3822
Douglass Hills,KY,38.2379,-85.5527
Douglasville,GA,33.7515,-84.7477
Dove Valley,CO,39.5777,-104.8294
Dover,DE,39.1582,-75.5244
Dover,NH,43.1979,-70.8737
Dover,NJ,40.8840,-74.5621
Dover,OH,40.5206,-81.4740
Dowagiac,MI,41.9842,-86.1086
Downers Grove,IL,41.8089,-88.0112
Downey,CA,33.9400,-118.1326
Downingtown,PA,40.0065,-75.7033
Downtown DC,DC,38.8935,-77.0199
Dowsett Highlands,HI,21.3374,-157.8338
Doylestown,PA,40.3101,-75.1299
Dracut,MA,42.6704,-71.3020
Dranesville,VA,39.0007,-77.3458
Draper,UT,40.5247,-111.8638
Dresher,PA,40.1409,-75.1668
Drexel Heights,AZ,32.1412,-111.0284
Drexel Hill,PA,39.9471,-75.2921
Druid Hills,GA,33.7804,-84.3360
Dry Run,OH,39.1042,-84.3305
Du Quoin,IL,38.0114,-89.2362
DuBois,PA,41.1192,-78.7600
DuPont,WA,47.0968,-122.6312
Duarte,CA,34.1394,-117.9773
Dublin,CA,37.7022,-121.9358
Dublin,GA,32.5404,-82.9038
Dublin,OH,40.0992,-83.1141
Dubuque,IA,42.5006,-90.6646
Dudley,MA,42.0451,-71.9301
Duluth,GA,34.0029,-84.1446
Duluth,MN,46.7833,-92.1066
Dumas,TX,35.8656,-101.9732
Dumbarton,VA,37.6038,-77.4914
Dumfries,VA,38.5676,-77.3280
Dumont,NJ,40.9406,-73.9968
Dunbar,WV,38.3606,-81.7374
Duncan,OK,34.5023,-97.9578
Duncanville,TX,32.6518,-96.9083
Dundalk,MD,39.2507,-76.5205
Dunedin,FL,28.0199,-82.7732
Dunellen,NJ,40.5893,-74.4718
Dunkirk,NY,42.4795,-79.3339
Dunlap,IN,41.6378,-85.9217
Dunlap,TN,35.3715,-85.3905
Dunmore,PA,41.4198,-75.6324
Dunn Loring,VA,38.8934,-77.2216
Dunn,NC,35.3063,-78.6089
Dunwoody,GA,33.9462,-84.3346
Duquesne,PA,40.3815,-79.8598
Durango,CO,37.2753,-107.8801
Durant,OK,33.9940,-96.3708
Durham,CA,39.6463,-121.8000
Durham,NC,35.9940,-78.8986
Durham,NH,43.1340,-70.9265
Duvall,WA,47.7423,-121.9857
Duxbury,MA,42.0418,-70.6723
Dyer,IN,41.4942,-87.5217
Dyersburg,TN,36.0345,-89.3856
Eagan,MN,44.8041,-93.1669
Eagle Foothills,ID,43.7401,-116.3879
Eagle Mountain,TX,32.8935,-97.4445
Eagle Mountain,UT,40.3141,-112.0069
Eagle Pass,TX,28.7091,-100.4995
Eagle Point,OR,42.4726,-122.8028
Eagle River,AK,61.3214,-149.5678
Eagle,CO,39.6553,-106.8286
Eagle,ID,43.6954,-116.3540
Eagleton Village,TN,35.7951,-83.9318
Earlimart,CA,35.8841,-119.2723
Easley,SC,34.8298,-82.6015
East Alton,IL,38.8803,-90.1112
East Amherst,NY,43.0184,-78.6967
East Aurora,NY,42.7678,-78.6134
East Bethel,MN,45.3194,-93.2024
East Boston,MA,42.3751,-71.0392
East Brainerd,TN,34.9959,-85.1502
East Bridgewater,MA,42.0334,-70.9592
East Brunswick,NJ,40.4279,-74.4160
East Cambridge,MA,42.3668,-71.0800
East Chattanooga,TN,35.0654,-85.2491
East Chicago,IN,41.6392,-87.4548
East Cleveland,OH,41.5331,-81.5790
East Concord,NH,43.2420,-71.5381
East End,AR,34.5506,-92.3410
East Falmouth,MA,41.5784,-70.5586
East Farmingdale,NY,40.7293,-73.4168
East Florence,AL,34.8095,-87.6495
East Foothills,CA,37.3811,-121.8174
East Franklin,NJ,40.4933,-74.4711
East Garden City,NY,40.7308,-73.5981
East Glenville,NY,42.8945,-73.9279
East Grand Forks,MN,47.9300,-97.0245
East Grand Rapids,MI,42.9411,-85.6100
East Greenwich,RI,41.6604,-71.4559
East Haddam,CT,41.4532,-72.4612
East Hampton,VA,37.0374,-76.3316
East Hanover,NJ,40.8201,-74.3649
East Hartford,CT,41.7823,-72.6120
East Haven,CT,41.2762,-72.8684
East Hemet,CA,33.7400,-116.9389
East Highland Park,VA,37.5810,-77.4069
East Hill-Meridian,WA,47.4105,-122.1737
East Hills,NY,40.7937,-73.6271
East Honolulu,HI,21.2891,-157.7173
East Islip,NY,40.7320,-73.1857
East Kapolei,HI,21.3586,-158.0513
East La Mirada,CA,33.9245,-117.9890
East Lake,FL,28.1108,-82.6948
East Lake-Orient Park,FL,27.9827,-82.3788
East Lansing,MI,42.7370,-84.4839
East Liverpool,OH,40.6187,-80.5773
East Longmeadow,MA,42.0645,-72.5126
East Los Angeles,CA,34.0239,-118.1720
East Massapequa,NY,40.6734,-73.4365
East Meadow,NY,40.7140,-73.5590
East Millcreek,UT,40.7000,-111.8105
East Milton,FL,30.6152,-87.0216
East Moline,IL,41.5009,-90.4443
East Moriches,NY,40.8051,-72.7609
East Naples,FL,26.1384,-81.7665
East Norriton,PA,40.1504,-75.3364
East Northport,NY,40.8768,-73.3246
East Norwalk,CT,41.1056,-73.3984
East Orange,NJ,40.7673,-74.2049
East Palo Alto,CA,37.4688,-122.1411
East Pasadena,CA,34.1381,-118.0738
East Patchogue,NY,40.7670,-72.9962
East Pensacola Heights,FL,30.4288,-87.1800
East Peoria,IL,40.6662,-89.5801
East Perrine,FL,25.6087,-80.3389
East Point,GA,33.6795,-84.4394
East Port Orchard,WA,47.5234,-122.6243
East Porterville,CA,36.0575,-118.9757
East Providence,RI,41.8137,-71.3701
East Rancho Dominguez,CA,33.8981,-118.1954
East Renton Highlands,WA,47.4848,-122.1123
East Ridge,TN,35.0142,-85.2519
East Riverdale,MD,38.9580,-76.9110
East Rochester,NY,43.1087,-77.4875
East Rockaway,NY,40.6420,-73.6696
East Rutherford,NJ,40.8340,-74.0971
East Saint Louis,IL,38.6245,-90.1509
East Setauket,NY,40.9415,-73.1059
East Shoreham,NY,40.9448,-72.8795
East Somerville,MA,42.3867,-71.0839
East Stroudsburg,PA,40.9995,-75.1813
East Wenatchee Bench,WA,47.4257,-120.2812
East Wenatchee,WA,47.4157,-120.2931
East York,PA,39.9737,-76.6864
Eastham,MA,41.8301,-69.9739
Easthampton,MA,42.2668,-72.6690
Eastlake,OH,41.6539,-81.4504
Eastman,GA,32.1977,-83.1776
Eastmont,WA,47.8974,-122.1815
Easton,CT,41.2529,-73.2973
Easton,MA,42.0245,-71.1287
Easton,MD,38.7743,-76.0763
Easton,PA,40.6884,-75.2207
Eastpointe,MI,42.4684,-82.9555
Eastvale,CA,33.9636,-117.5642
Eastwood,MI,42.3031,-85.5503
Eaton Rapids,MI,42.5092,-84.6558
Eaton,OH,39.7439,-84.6366
Eatonton,GA,33.3268,-83.3885
Eatontown,NJ,40.2962,-74.0510
Eau Claire,WI,44.8113,-91.4985
Echelon,NJ,39.8484,-74.9957
Economy,PA,40.6001,-80.2248
Ecorse,MI,42.2445,-83.1458
Eden Isle,LA,30.2285,-89.7987
Eden Prairie,MN,44.8547,-93.4708
Eden,NC,36.4885,-79.7667
Edgemere,MD,39.2420,-76.4480
Edgemoor,DE,39.7501,-75.4996
Edgerton,WI,42.8353,-89.0676
Edgewater Park,NJ,40.0682,-74.9007
Edgewater,CO,39.7530,-105.0641
Edgewater,FL,28.9889,-80.9023
Edgewater,MD,38.9380,-76.5570
Edgewater,NJ,40.8270,-73.9757
Edgewood,KY,39.0187,-84.5819
Edgewood,MD,39.4187,-76.2944
Edgewood,WA,47.2501,-122.2937
Edina,MN,44.8897,-93.3500
Edinboro,PA,41.8742,-80.1317
Edinburg,TX,26.3017,-98.1633
Edison,NJ,40.5187,-74.4121
Edmond,OK,35.6528,-97.4781
Edmonds,WA,47.8107,-122.3774
Edna,TX,28.9786,-96.6461
Edwards,CO,39.6450,-106.5942
Edwardsville,IL,38.8114,-89.9532
Effingham,IL,39.1200,-88.5434
Eggertsville,NY,42.9634,-78.8039
Eglin Village,FL,30.4630,-86.5394
Egypt Lake-Leto,FL,28.0177,-82.5062
Eidson Road,TX,28.6772,-100.4870
El Cajon,CA,32.7948,-116.9625
El Campo,TX,29.1966,-96.2697
El Centro,CA,32.7920,-115.5631
El Cerrito Corona,CA,33.8406,-117.5228
El Cerrito,CA,37.9158,-122.3116
El Dorado Hills,CA,38.6857,-121.0822
El Dorado,AR,33.2076,-92.6663
El Dorado,KS,37.8172,-96.8623
El Granada,CA,37.5027,-122.4694
El Mirage,AZ,33.6131,-112.3246
El Monte,CA,34.0686,-118.0276
El Paso,TX,31.7587,-106.4869
El Reno,OK,35.5323,-97.9550
El Rio,CA,34.2358,-119.1638
El Segundo,CA,33.9192,-118.4165
El Sobrante,CA,37.9772,-122.2952
Elburn,IL,41.8922,-88.4723
Eldersburg,MD,39.4037,-76.9503
Eldorado at Santa Fe,NM,35.5264,-105.9347
Eldridge,IA,41.6581,-90.5846
Elfers,FL,28.2167,-82.7223
Elgin,IL,42.0373,-88.2812
Elgin,TX,30.3497,-97.3703
Eliot,ME,43.1531,-70.8001
Elizabeth City,NC,36.2946,-76.2511
Elizabeth,NJ,40.6640,-74.2107
Elizabethton,TN,36.3487,-82.2107
Elizabethtown,KY,37.6940,-85.8591
Elizabethtown,PA,40.1529,-76.6028
Elk City,OK,35.4120,-99.4043
Elk Grove Village,IL,42.0039,-87.9703
Elk Grove,CA,38.4088,-121.3716
Elk Plain,WA,47.0532,-122.3976
Elk River,MN,45.3038,-93.5672
Elkhart,IN,41.6820,-85.9767
Elkhorn,NE,41.3450,-96.2560
Elkhorn,WI,42.6728,-88.5445
Elkins Park,PA,40.0771,-75.1268
Elkins,WV,38.9259,-79.8467
Elko,NV,40.8324,-115.7631
Elkridge,MD,39.2126,-76.7136
Elkton,MD,39.6068,-75.8333
Ellendale,TN,35.2306,-89.8259
Ellensburg,WA,46.9965,-120.5478
Ellettsville,IN,39.2339,-86.6250
Ellicott City,MD,39.2673,-76.7983
Ellington,CT,41.9040,-72.4698
Ellisville,MO,38.5926,-90.5871
Ellsworth Air Force Base,SD,44.1439,-103.0751
Ellsworth,ME,44.5434,-68.4195
Ellwood City,PA,40.8617,-80.2865
Elm Grove,WI,43.0431,-88.0790
Elmendorf Air Force Base,AK,61.2570,-149.6314
Elmhurst,IL,41.8995,-87.9403
Elmira,NY,42.0898,-76.8077
Elmont,NY,40.7009,-73.7129
Elmwood Park,IL,41.9211,-87.8092
Elmwood Park,NJ,40.9040,-74.1185
Eloise,FL,27.9947,-81.7381
Elon,NC,36.1029,-79.5067
Eloy,AZ,32.7559,-111.5548
Elsa,TX,26.2934,-97.9931
Elsmere,DE,39.7393,-75.5980
Elsmere,KY,39.0126,-84.6047
Elverta,CA,38.7138,-121.4627
Elwood,IN,40.2770,-85.8419
Elwood,NY,40.8454,-73.3351
Elyria,OH,41.3684,-82.1077
Emerson,NJ,40.9762,-74.0263
Emeryville,CA,37.8313,-122.2853
Emmaus,PA,40.5395,-75.4968
Emmett,ID,43.8735,-116.4993
Emporia,KS,38.4039,-96.1817
Emporia,VA,36.6860,-77.5425
Enchanted Hills,NM,35.3368,-106.5930
Encinitas,CA,33.0370,-117.2920
Endicott,NY,42.0984,-76.0494
Endwell,NY,42.1129,-76.0210
Enfield,CT,41.9762,-72.5918
Englewood Cliffs,NJ,40.8854,-73.9524
Englewood,CO,39.6478,-104.9878
Englewood,FL,26.9620,-82.3526
Englewood,NJ,40.8929,-73.9726
Englewood,OH,39.8776,-84.3022
Enid,OK,36.3956,-97.8784
Ennis,TX,32.3293,-96.6253
Enoch,UT,37.7733,-113.0244
Enola,PA,40.2901,-76.9339
Ensley,FL,30.5188,-87.2728
Enterprise,AL,31.3152,-85.8552
Enterprise,NV,36.0252,-115.2419
Enumclaw,WA,47.2043,-121.9915
Ephraim,UT,39.3597,-111.5863
Ephrata,PA,40.1798,-76.1788
Ephrata,WA,47.3176,-119.5537
Erie,CO,40.0503,-105.0500
Erie,PA,42.1292,-80.0851
Erlanger,KY,39.0167,-84.6008
Erwin,TN,36.1451,-82.4168
Escalon,CA,37.7978,-120.9979
Escanaba,MI,45.7452,-87.0646
Escondido,CA,33.1192,-117.0864
Española,NM,35.9911,-106.0806
Essex Junction,VT,44.4906,-73.1110
Essex,MD,39.3093,-76.4750
Estelle,LA,29.8458,-90.1067
Estero,FL,26.4381,-81.8067
Estes Park,CO,40.3772,-105.5217
Estherville,IA,43.4016,-94.8328
Etowah,NC,35.3176,-82.5943
Ettrick,VA,37.2401,-77.4300
Eucalyptus Hills,CA,32.8798,-116.9467
Euclid,OH,41.5931,-81.5268
Eudora,KS,38.9433,-95.0986
Eufaula,AL,31.8913,-85.1455
Eugene,OR,44.0521,-123.0867
Euless,TX,32.8371,-97.0820
Eunice,LA,30.4944,-92.4176
Eureka,CA,40.8021,-124.1637
Eureka,IL,40.7214,-89.2729
Eureka,MO,38.5025,-90.6279
Eustis,FL,28.8528,-81.6853
Evans,CO,40.3764,-104.6922
Evans,GA,33.5337,-82.1307
Evanston,IL,42.0411,-87.6901
Evanston,WY,41.2683,-110.9632
Evansville,IN,37.9748,-87.5559
Evansville,WI,42.7803,-89.2993
Everett,MA,42.4084,-71.0537
Everett,WA,47.9790,-122.2021
Evergreen Park,IL,41.7206,-87.7017
Evergreen,CO,39.6333,-105.3172
Evergreen,MT,48.2258,-114.2762
Everman,TX,32.6310,-97.2892
Ewing,NJ,40.2698,-74.7999
Excelsior Springs,MO,39.3392,-94.2261
Exeter,CA,36.2961,-119.1420
Exeter,NH,42.9815,-70.9478
Exeter,PA,41.3206,-75.8191
Exeter,RI,41.5776,-71.5376
Fabens,TX,31.5023,-106.1586
Fair Haven,NJ,40.3607,-74.0382
Fair Lawn,NJ,40.9404,-74.1318
Fair Oaks Ranch,TX,29.7458,-98.6434
Fair Oaks,CA,38.6446,-121.2722
Fair Oaks,GA,33.9165,-84.5447
Fair Plain,MI,42.0870,-86.4559
Fairbanks,AK,64.8378,-147.7164
Fairborn,OH,39.8209,-84.0194
Fairburn,GA,33.5671,-84.5810
Fairdale,KY,38.1051,-85.7588
Fairfax Station,VA,38.8010,-77.3255
Fairfax,CA,37.9871,-122.5889
Fairfax,VA,38.8462,-77.3064
Fairfield Glade,TN,36.0003,-84.8863
Fairfield Heights,IN,39.8286,-86.3822
Fairfield,AL,33.4859,-86.9119
Fairfield,CA,38.2494,-122.0400
Fairfield,CT,41.1412,-73.2637
Fairfield,IA,41.0086,-91.9627
Fairfield,IL,38.3789,-88.3598
Fairfield,IL,42.2192,-88.0615
Fairfield,NJ,40.8837,-74.3060
Fairfield,OH,39.3459,-84.5605
Fairhaven,MA,41.6376,-70.9036
Fairhope,AL,30.5230,-87.9033
Fairland,MD,39.0762,-76.9578
Fairlawn,OH,41.1278,-81.6098
Fairless Hills,PA,40.1795,-74.8552
Fairmont,MN,43.6522,-94.4611
Fairmont,WV,39.4851,-80.1426
Fairmount,MA,42.2515,-71.1148
Fairmount,NY,43.0473,-76.2385
Fairport,NY,43.0987,-77.4419
Fairview Heights,IL,38.5889,-89.9904
Fairview Park,OH,41.4414,-81.8643
Fairview Shores,FL,28.5911,-81.3942
Fairview,CA,37.6785,-122.0458
Fairview,GA,34.9456,-85.2844
Fairview,NJ,40.8126,-73.9990
Fairview,NY,41.7237,-73.9199
Fairview,OR,45.5384,-122.4340
Fairview,TN,35.9820,-87.1214
Fairview,TX,33.1579,-96.6317
Fairwood,MD,38.9567,-76.7777
Fairwood,WA,47.4484,-122.1573
Fairwood,WA,47.7668,-117.4174
Falcon Heights,MN,44.9916,-93.1663
Fall River,MA,41.7015,-71.1551
Fallbrook,CA,33.3764,-117.2511
Fallon,NV,39.4735,-118.7774
Falls Church,VA,38.8823,-77.1711
Fallsburg,NY,41.7320,-74.6013
Fallston,MD,39.5145,-76.4111
Fanwood,NJ,40.6409,-74.3835
Fargo,ND,46.8772,-96.7898
Faribault,MN,44.2950,-93.2688
Farmers Branch,TX,32.9265,-96.8961
Farmersville,CA,36.2977,-119.2068
Farmingdale,NY,40.7326,-73.4454
Farmington Hills,MI,42.4853,-83.3772
Farmington,AR,36.0420,-94.2472
Farmington,CT,41.7198,-72.8320
Farmington,MI,42.4645,-83.3763
Farmington,MN,44.6402,-93.1436
Farmington,MO,37.7809,-90.4218
Farmington,NM,36.7281,-108.2187
Farmington,UT,40.9805,-111.8874
Farmingville,NY,40.8312,-73.0296
Farmville,VA,37.3021,-78.3919
Farr West,UT,41.2972,-112.0277
Farragut,TN,35.8845,-84.1535
Fate,TX,32.9415,-96.3814
Fayetteville,AR,36.0626,-94.1574
Fayetteville,GA,33.4487,-84.4549
Fayetteville,NC,35.0527,-78.8784
Fayetteville,TN,35.1520,-86.5705
Federal Heights,CO,39.8514,-104.9986
Federal Way,WA,47.3223,-122.3126
Felida,WA,45.7096,-122.7073
Fells Point,MD,39.2826,-76.5933
Fellsmere,FL,27.7678,-80.6014
Fenton,MI,42.7978,-83.7049
Fergus Falls,MN,46.2830,-96.0776
Ferguson,MO,38.7442,-90.3054
Fern Creek,KY,38.1598,-85.5877
Fern Park,FL,28.6492,-81.3512
Fernandina Beach,FL,30.6697,-81.4626
Ferndale,MD,39.1832,-76.6402
Ferndale,MI,42.4606,-83.1346
Ferndale,WA,48.8465,-122.5910
Fernley,NV,39.6080,-119.2518
Fernway,PA,40.6948,-80.1309
Ferry Pass,FL,30.5102,-87.2125
Festus,MO,38.2206,-90.3959
Fife,WA,47.2393,-122.3571
Fillmore,CA,34.3992,-118.9181
Finderne,NJ,40.5632,-74.5777
Findlay,OH,41.0442,-83.6499
Finley,WA,46.1540,-119.0339
Finneytown,OH,39.2003,-84.5205
Fircrest,WA,47.2395,-122.5160
Firebaugh,CA,36.8588,-120.4560
Firestone,CO,40.1125,-104.9366
Fish Hawk,FL,27.8506,-82.2109
Fishers,IN,39.9556,-86.0139
Fishersville,VA,38.0990,-78.9692
Fitchburg,MA,42.5834,-71.8023
Fitchburg,WI,42.9608,-89.4698
Fitzgerald,GA,31.7149,-83.2527
Five Corners,WA,45.6846,-122.5751
Five Forks,SC,34.8048,-82.2296
Flagami,FL,25.7623,-80.3162
Flagstaff,AZ,35.1981,-111.6513
Flat River,MO,37.8501,-90.5168
Flat Rock,MI,42.0964,-83.2919
Flatwoods,KY,38.5226,-82.7171
Fleming Island,FL,30.0933,-81.7190
Fletcher,NC,35.4307,-82.5012
Flint,MI,43.0125,-83.6875
Floral City,FL,28.7500,-82.2968
Floral Park,NY,40.7237,-73.7048
Florence,AL,34.7998,-87.6773
Florence,AZ,33.0314,-111.3873
Florence,KY,38.9990,-84.6266
Florence,OR,43.9826,-124.0998
Florence,SC,34.1954,-79.7626
Florence-Graham,CA,33.9677,-118.2444
Floresville,TX,29.1336,-98.1561
Florham Park,NJ,40.7879,-74.3882
Florida City,FL,25.4479,-80.4792
Florida Ridge,FL,27.5803,-80.3867
Florin,CA,38.4960,-121.4088
Floris,VA,38.9371,-77.4128
Florissant,MO,38.7892,-90.3226
Flossmoor,IL,41.5428,-87.6848
Flower Mound,TX,33.0146,-97.0970
Flowery Branch,GA,34.1851,-83.9252
Flowing Wells,AZ,32.2940,-111.0098
Flowood,MS,32.3096,-90.1390
Flushing,MI,43.0631,-83.8511
Foggy Bottom,DC,38.9015,-77.0622
Folcroft,PA,39.8909,-75.2838
Foley,AL,30.4066,-87.6836
Folkston,GA,30.8310,-82.0113
Folsom,CA,38.6780,-121.1761
Folsom,PA,39.8898,-75.3252
Fond du Lac,WI,43.7750,-88.4388
Fontana,CA,34.0922,-117.4351
Foothill Farms,CA,38.6788,-121.3511
Fords,NJ,40.5293,-74.3160
Forest Acres,SC,34.0193,-80.9898
Forest City,FL,28.6668,-81.4433
Forest City,NC,35.3340,-81.8651
Forest Glen,MD,39.0145,-77.0547
Forest Grove,OR,45.5198,-123.1107
Forest Hill,TX,32.6721,-97.2692
Forest Hills,MI,42.9595,-85.4898
Forest Hills,PA,40.4198,-79.8500
Forest Hills,TN,36.0684,-86.8442
Forest Lake,MN,45.2789,-92.9852
Forest Park,GA,33.6221,-84.3691
Forest Park,IL,41.8795,-87.8137
Forest Park,OH,39.2903,-84.5041
Forest,MS,32.3646,-89.4742
Forest,VA,37.3638,-79.2897
Forestdale,AL,33.5701,-86.8964
Forestville,MD,38.8451,-76.8750
Forestville,OH,39.0751,-84.3449
Forked River,NJ,39.8398,-74.1901
Forney,TX,32.7482,-96.4719
Forrest City,AR,35.0082,-90.7898
Fort Atkinson,WI,42.9289,-88.8371
Fort Belvoir,VA,38.7119,-77.1459
Fort Bliss,TX,31.8136,-106.4122
Fort Bragg,CA,39.4457,-123.8053
Fort Bragg,NC,35.1390,-79.0060
Fort Campbell North,KY,36.6543,-87.4606
Fort Carson,CO,38.7375,-104.7889
Fort Cavazos,TX,31.1349,-97.7756
Fort Collins,CO,40.5853,-105.0844
Fort Dix,NJ,40.0298,-74.6185
Fort Dodge,IA,42.4975,-94.1680
Fort Drum,NY,44.0584,-75.7619
Fort George G Mead Junction,MD,39.1259,-76.7891
Fort Hunt,VA,38.7329,-77.0580
Fort Irwin,CA,35.2627,-116.6847
Fort Knox,KY,37.8911,-85.9636
Fort Lauderdale,FL,26.1223,-80.1434
Fort Lee,NJ,40.8509,-73.9701
Fort Lee,VA,37.2469,-77.3344
Fort Lee,VA,37.4957,-77.3353
Fort Leonard Wood,MO,37.7057,-92.1572
Fort Lincoln,DC,38.9223,-76.9564
Fort Lupton,CO,40.0847,-104.8130
Fort Madison,IA,40.6298,-91.3152
Fort Meade,FL,27.7523,-81.8017
Fort Meade,MD,39.1082,-76.7432
Fort Mill,SC,35.0074,-80.9451
Fort Mitchell,KY,39.0595,-84.5474
Fort Morgan,CO,40.2503,-103.7999
Fort Myers Beach,FL,26.4527,-81.9501
Fort Myers Shores,FL,26.7092,-81.7459
Fort Myers,FL,26.6217,-81.8406
Fort Oglethorpe,GA,34.9490,-85.2569
Fort Payne,AL,34.4442,-85.7197
Fort Pierce North,FL,27.4736,-80.3593
Fort Pierce South,FL,27.4096,-80.3548
Fort Pierce,FL,27.4467,-80.3256
Fort Polk South,LA,31.0511,-93.2158
Fort Riley North,KS,39.1108,-96.8139
Fort Salonga,NY,40.9126,-73.3010
Fort Scott,KS,37.8398,-94.7083
Fort Smith,AR,35.3859,-94.3986
Fort Stockton,TX,30.8940,-102.8793
Fort Thomas,KY,39.0751,-84.4472
Fort Valley,GA,32.5538,-83.8874
Fort Walton Beach,FL,30.4206,-86.6171
Fort Washington,MD,38.7073,-77.0230
Fort Washington,PA,40.1418,-75.2091
Fort Wayne,IN,41.1306,-85.1289
Fort Worth,TX,32.7254,-97.3208
Fort Wright,KY,39.0517,-84.5341
Fortuna Foothills,AZ,32.6578,-114.4119
Fortuna,CA,40.5982,-124.1573
Foster City,CA,37.5585,-122.2711
Fostoria,OH,41.1570,-83.4169
Fountain Hills,AZ,33.6117,-111.7174
Fountain Inn,SC,34.6890,-82.1957
Fountain Valley,CA,33.7092,-117.9537
Fountain,CO,38.6822,-104.7008
Fountainebleau,FL,25.7729,-80.3478
Fountainhead-Orchard Hills,MD,39.6864,-77.7190
Four Corners,FL,28.3329,-81.6474
Four Corners,MD,39.0204,-77.0127
Four Corners,OR,44.9279,-122.9837
Four Corners,TX,29.6686,-95.6577
Fowler,CA,36.6305,-119.6785
Fox Chapel,PA,40.5134,-79.8798
Fox Lake,IL,42.3967,-88.1837
Fox Point,WI,43.1575,-87.9018
Foxborough,MA,42.0654,-71.2478
Framingham Center,MA,42.2973,-71.4370
Framingham,MA,42.2793,-71.4162
Francisville,KY,39.1051,-84.7244
Franconia,VA,38.7821,-77.1464
Frankenmuth,MI,43.3317,-83.7380
Frankfort Square,IL,41.5189,-87.8031
Frankfort,IL,41.4959,-87.8487
Frankfort,IN,40.2795,-86.5108
Frankfort,KY,38.2009,-84.8733
Franklin Lakes,NJ,41.0168,-74.2057
Franklin Park,IL,41.9353,-87.8656
Franklin Park,NJ,40.4390,-74.5352
Franklin Park,PA,40.5834,-80.0878
Franklin Square,NY,40.7073,-73.6760
Franklin,IN,39.4806,-86.0550
Franklin,KY,36.7223,-86.5772
Franklin,LA,29.7960,-91.5015
Franklin,MA,42.0834,-71.3967
Franklin,NH,43.4442,-71.6473
Franklin,OH,39.5590,-84.3041
Franklin,PA,41.3978,-79.8314
Franklin,TN,35.9251,-86.8689
Franklin,VA,36.6776,-76.9225
Franklin,WI,42.8886,-88.0384
Fraser,MI,42.5392,-82.9494
Frederick,CO,40.0992,-104.9372
Frederick,MD,39.4143,-77.4105
Fredericksburg,TX,30.2752,-98.8720
Fredericksburg,VA,38.3032,-77.4605
Frederickson,WA,47.0962,-122.3587
Fredonia,NY,42.4401,-79.3317
Freehold,NJ,40.2601,-74.2738
Freeland,MI,43.5250,-84.1228
Freeport,IL,42.2967,-89.6212
Freeport,NY,40.6576,-73.5832
Freeport,TX,28.9541,-95.3597
Freetown,MA,41.7668,-71.0328
Fremont,CA,37.5483,-121.9886
Fremont,NE,41.4333,-96.4981
Fremont,OH,41.3503,-83.1219
Fresno,CA,36.7477,-119.7724
Fresno,TX,29.5389,-95.4474
Fridley,MN,45.0861,-93.2633
Friendly,MD,38.7518,-76.9786
Friendswood,TX,29.5294,-95.2010
Frisco,TX,33.1507,-96.8236
Front Royal,VA,38.9182,-78.1944
Frostburg,MD,39.6581,-78.9284
Fruit Cove,FL,30.1111,-81.6418
Fruit Heights,UT,41.0322,-111.9022
Fruita,CO,39.1589,-108.7290
Fruitland,ID,44.0077,-116.9166
Fruitland,MD,38.3221,-75.6202
Fruitridge Pocket,CA,38.5326,-121.4558
Fruitvale,CO,39.0817,-108.4968
Fruitville,FL,27.3298,-82.4576
Fuller Heights,FL,27.9092,-81.9981
Fullerton,CA,33.8703,-117.9253
Fullerton,PA,40.6318,-75.4732
Fulshear,TX,29.6900,-95.8997
Fulton,MO,38.8467,-91.9480
Fulton,NY,43.3229,-76.4172
Fultondale,AL,33.6048,-86.7939
Fuquay-Varina,NC,35.5843,-78.8000
Fussels Corner,FL,28.0542,-81.8606
Gadsden,AL,34.0143,-86.0064
Gaffney,SC,35.0718,-81.6498
Gages Lake,IL,42.3517,-87.9826
Gahanna,OH,40.0192,-82.8793
Gainesville,FL,29.6516,-82.3248
Gainesville,GA,34.2979,-83.8241
Gainesville,TX,33.6259,-97.1333
Gainesville,VA,38.7957,-77.6139
Gaithersburg,MD,39.1434,-77.2014
Galax,VA,36.6612,-80.9240
Galesburg,IL,40.9478,-90.3712
Galion,OH,40.7337,-82.7899
Gallatin,TN,36.3884,-86.4467
Galliano,LA,29.4422,-90.2993
Gallup,NM,35.5281,-108.7426
Galt,CA,38.2546,-121.2999
Galveston,TX,29.3013,-94.7977
Gantt,SC,34.8001,-82.4243
Garden Acres,CA,37.9638,-121.2294
Garden City Park,NY,40.7409,-73.6626
Garden City,GA,32.1144,-81.1540
Garden City,ID,43.6221,-116.2382
Garden City,KS,37.9717,-100.8727
Garden City,MI,42.3256,-83.3310
Garden City,NY,40.7268,-73.6343
Garden City,SC,33.5930,-79.0087
Garden Grove,CA,33.7739,-117.9415
Garden Home-Whitford,OR,45.4640,-122.7589
Gardena,CA,33.8884,-118.3090
Gardendale,AL,33.6601,-86.8128
Gardere,LA,30.3457,-91.1401
Gardiner,ME,44.2301,-69.7753
Gardner,KS,38.8108,-94.9272
Gardner,MA,42.5751,-71.9981
Gardnerville Ranchos,NV,38.8882,-119.7413
Gardnerville,NV,38.9413,-119.7496
Garfield Heights,OH,41.4170,-81.6060
Garfield,NJ,40.8815,-74.1132
Garland,TX,32.9126,-96.6389
Garner,NC,35.7113,-78.6142
Garnet,CA,33.9270,-116.4770
Garrett,IN,41.3495,-85.1355
Garrison,MD,39.4059,-76.7605
Gary,IN,41.5934,-87.3464
Gas City,IN,40.4873,-85.6130
Gastonia,NC,35.2621,-81.1873
Gates-North Gates,NY,43.1655,-77.7007
Gatesville,TX,31.4352,-97.7439
Gateway,AK,61.5728,-149.2408
Gateway,FL,26.5776,-81.7504
Gautier,MS,30.3858,-88.6117
Geneseo,IL,41.4481,-90.1543
Geneseo,NY,42.7959,-77.8170
Geneva,IL,41.8875,-88.3054
Geneva,NY,42.8690,-76.9777
Geneva,OH,39.6620,-82.4335
Geneva,OH,41.8051,-80.9481
Genoa,IL,42.0973,-88.6929
Georgetown,DE,38.6901,-75.3855
Georgetown,GA,31.9833,-81.2273
Georgetown,KY,38.2098,-84.5588
Georgetown,SC,33.3768,-79.2945
Georgetown,TX,30.6327,-97.6772
Georgia Avenue / Walter Reed,DC,38.9826,-77.0263
Gering,NE,41.8258,-103.6605
Germantown,MD,39.1732,-77.2716
Germantown,OH,39.6262,-84.3694
Germantown,TN,35.0868,-89.8101
Germantown,WI,43.2286,-88.1104
Gettysburg,PA,39.8309,-77.2311
Gibsonton,FL,27.8536,-82.3826
Gibsonville,NC,36.1057,-79.5422
Giddings,TX,30.1827,-96.9364
Gifford,FL,27.6753,-80.4092
Gig Harbor,WA,47.3293,-122.5801
Gilbert,AZ,33.3528,-111.7890
Gilberts,IL,42.1034,-88.3729
Gilford,NH,43.5476,-71.4067
Gillette,WY,44.2911,-105.5022
Gilmer,TX,32.7287,-94.9424
Gilroy,CA,37.0058,-121.5683
Girard,OH,41.1540,-80.7015
Gladeview,FL,25.8393,-80.2356
Gladewater,TX,32.5365,-94.9427
Gladstone,MO,39.2039,-94.5547
Gladstone,OR,45.3807,-122.5948
Glasgow Village,MO,38.7537,-90.1984
Glasgow,DE,39.6048,-75.7452
Glasgow,KY,36.9959,-85.9119
Glassboro,NJ,39.7029,-75.1118
Glassmanor,MD,38.8190,-76.9986
Glastonbury Center,CT,41.7009,-72.5995
Glastonbury,CT,41.7123,-72.6081
Glen Allen,VA,37.6660,-77.5064
Glen Avon,CA,34.0117,-117.4848
Glen Burnie,MD,39.1626,-76.6247
Glen Carbon,IL,38.7484,-89.9832
Glen Cove,NY,40.8623,-73.6337
Glen Ellyn,IL,41.8775,-88.0670
Glen Ridge,NJ,40.8054,-74.2038
Glen Rock,NJ,40.9629,-74.1329
Glenarden,MD,38.9293,-76.8616
Glencoe,AL,33.9570,-85.9325
Glencoe,IL,42.1350,-87.7581
Glencoe,MN,44.7691,-94.1516
Glendale Heights,IL,41.9146,-88.0649
Glendale,AZ,33.5386,-112.1860
Glendale,CA,34.1425,-118.2551
Glendale,CO,39.7050,-104.9336
Glendale,MO,38.5959,-90.3771
Glendale,WI,43.1353,-87.9356
Glendive,MT,47.1053,-104.7125
Glendora,CA,34.1361,-117.8653
Gleneagle,CO,39.0453,-104.8244
Glenmont,MD,39.0579,-77.0497
Glenn Dale,MD,38.9876,-76.8205
Glenn Heights,TX,32.5487,-96.8567
Glennville,GA,31.9366,-81.9284
Glenolden,PA,39.9001,-75.2891
Glenpool,OK,35.9554,-96.0089
Glens Falls North,NY,43.3351,-73.6825
Glens Falls,NY,43.3095,-73.6440
Glenshaw,PA,40.5329,-79.9676
Glenside,PA,40.1023,-75.1521
Glenvar Heights,FL,25.7076,-80.3256
Glenview,IL,42.0697,-87.7878
Glenville,NY,42.9292,-74.0521
Glenville,OH,41.5334,-81.6174
Glenwood Springs,CO,39.5505,-107.3248
Glenwood,IA,41.0469,-95.7425
Glenwood,IL,41.5425,-87.6023
Globe,AZ,33.3942,-110.7865
Gloucester City,NJ,39.8928,-75.1204
Gloucester Point,VA,37.2540,-76.4969
Gloucester,MA,42.6140,-70.6631
Glover Park,DC,38.9209,-77.0772
Gloversville,NY,43.0528,-74.3438
Goddard,MD,38.9896,-76.8533
Godfrey,IL,38.9556,-90.1868
Gold Camp,AZ,33.2937,-111.3043
Gold Canyon,AZ,33.3715,-111.4369
Gold River,CA,38.6263,-121.2466
Golden Gate,FL,26.1879,-81.6951
Golden Glades,FL,25.9118,-80.2003
Golden Hills,CA,35.1425,-118.4904
Golden Triangle,DC,38.9052,-77.0436
Golden Valley,AZ,35.2233,-114.2230
Golden Valley,MN,45.0097,-93.3491
Golden,CO,39.7555,-105.2211
Goldenrod,FL,28.6103,-81.2887
Goldsboro,NC,35.3849,-77.9928
Goleta,CA,34.4358,-119.8276
Gonzales,CA,36.5066,-121.4444
Gonzales,LA,30.2385,-90.9201
Gonzales,TX,29.5016,-97.4525
Gonzalez,FL,30.5816,-87.2914
Good Hope,CA,33.7647,-117.2670
Goodings Grove,IL,41.6292,-87.9309
Goodlettsville,TN,36.3231,-86.7133
Goodyear,AZ,33.4353,-112.3582
Goose Creek,SC,32.9810,-80.0326
Gorham,ME,43.6795,-70.4442
Goshen,IN,41.5823,-85.8344
Goshen,NY,41.4020,-74.3243
Goshen,OH,39.2334,-84.1613
Goulds,FL,25.5626,-80.3823
Grafton,MA,42.2070,-71.6856
Grafton,OH,41.2726,-82.0546
Grafton,WI,43.3197,-87.9534
Grafton,WV,39.3409,-80.0190
Graham,NC,36.0690,-79.4006
Graham,TX,33.1071,-98.5895
Graham,WA,47.0529,-122.2943
Grain Valley,MO,39.0150,-94.1986
Grambling,LA,32.5277,-92.7140
Granbury,TX,32.4421,-97.7942
Grand Bayou Mobile Home Park,LA,29.9080,-90.7771
Grand Blanc,MI,42.9275,-83.6299
Grand Forks,ND,47.9253,-97.0328
Grand Haven,MI,43.0631,-86.2284
Grand Island,NE,40.9250,-98.3420
Grand Island,NY,43.0331,-78.9625
Grand Junction,CO,39.0639,-108.5507
Grand Ledge,MI,42.7534,-84.7464
Grand Prairie,TX,32.7460,-96.9978
Grand Rapids,MI,42.9634,-85.6681
Grand Rapids,MN,47.2372,-93.5302
Grand Terrace,CA,34.0339,-117.3136
Grandview Heights,OH,39.9798,-83.0407
Grandview,MO,38.8858,-94.5330
Grandview,WA,46.2510,-119.9017
Grandville,MI,42.9098,-85.7631
Grandwood Park,IL,42.3931,-87.9867
Granger,IN,41.7534,-86.1108
Granite Bay,CA,38.7632,-121.1638
Granite City,IL,38.7014,-90.1487
Granite Shoals,TX,30.5891,-98.3839
Grants Pass,OR,42.4393,-123.3307
Grants,NM,35.1476,-107.8526
Grantsville,UT,40.5999,-112.4644
Granville,OH,40.0681,-82.5196
Grapevine,TX,32.9343,-97.0781
Grass Valley,CA,39.2191,-121.0611
Gray,LA,29.6977,-90.7865
Grayslake,IL,42.3445,-88.0417
Grayson Valley,AL,33.6482,-86.6394
Great Barrington,MA,42.1959,-73.3621
Great Bend,KS,38.3645,-98.7648
Great Falls,MT,47.5002,-111.3008
Great Falls,VA,38.9982,-77.2883
Great Neck Plaza,NY,40.7868,-73.7265
Great Neck,NY,40.8007,-73.7285
Greater Northdale,FL,28.1055,-82.5259
Greater Upper Marlboro,MD,38.8314,-76.7483
Greatwood,TX,29.5541,-95.6758
Greece,NY,43.2098,-77.6931
Greeley,CO,40.4233,-104.7091
Green Bay,WI,44.5192,-88.0198
Green Cove Springs,FL,29.9919,-81.6782
Green Haven,MD,39.1395,-76.5477
Green Hill,TN,36.2228,-86.5494
Green Knoll,NJ,40.6001,-74.6121
Green River,WY,41.5286,-109.4663
Green Valley,AZ,31.8543,-110.9937
Green Valley,MD,39.3093,-77.2972
Green,OH,40.9459,-81.4832
Green,OR,43.1604,-123.3679
Greenacres City,FL,26.6237,-80.1253
Greenacres,CA,35.3833,-119.1098
Greenbelt,MD,39.0046,-76.8755
Greenbriar,VA,38.8734,-77.4008
Greenbrier,AR,35.2340,-92.3876
Greenbrier,TN,36.4275,-86.8047
Greenburgh,NY,41.0329,-73.8429
Greencastle,IN,39.6445,-86.8647
Greendale,WI,42.9406,-87.9959
Greeneville,TN,36.1632,-82.8310
Greenfield,CA,36.3208,-121.2438
Greenfield,IN,39.7850,-85.7694
Greenfield,MA,42.5876,-72.5995
Greenfield,WI,42.9614,-88.0126
Greenlawn,NY,40.8690,-73.3651
Greensboro,NC,36.0726,-79.7920
Greensburg,IN,39.3373,-85.4836
Greensburg,PA,40.3015,-79.5389
Greentree,NJ,39.8971,-74.9557
Greenville,AL,31.8296,-86.6178
Greenville,IL,38.8923,-89.4131
Greenville,MI,43.1775,-85.2528
Greenville,MS,33.4090,-91.0598
Greenville,NC,35.6127,-77.3663
Greenville,NY,40.9931,-73.8199
Greenville,OH,40.1028,-84.6330
Greenville,PA,41.4045,-80.3912
Greenville,RI,41.8712,-71.5520
Greenville,SC,34.8526,-82.3940
Greenville,TX,33.1384,-96.1108
Greenwich,CT,41.0265,-73.6285
Greenwood Village,CO,39.6172,-104.9508
Greenwood,AR,35.2156,-94.2558
Greenwood,IN,39.6137,-86.1067
Greenwood,MO,38.8517,-94.3438
Greenwood,MS,33.5162,-90.1795
Greenwood,SC,34.1954,-82.1618
Greer,SC,34.9387,-82.2271
Grenada,MS,33.7690,-89.8084
Gresham Park,GA,33.7034,-84.3144
Gresham,OR,45.4982,-122.4315
Gretna,LA,29.9147,-90.0540
Gretna,NE,41.1408,-96.2397
Gridley,CA,39.3638,-121.6936
Griffin,GA,33.2468,-84.2641
Griffith,IN,41.5284,-87.4236
Grimes,IA,41.6883,-93.7911
Grinnell,IA,41.7430,-92.7224
Grissom Air Force Base,IN,40.6575,-86.1475
Groesbeck,OH,39.2231,-84.5869
Grosse Ile,MI,42.1292,-83.1444
Grosse Pointe Farms,MI,42.4092,-82.8919
Grosse Pointe Park,MI,42.3759,-82.9374
Grosse Pointe Woods,MI,42.4436,-82.9069
Grosse Pointe,MI,42.3862,-82.9119
Groton,CT,41.3501,-72.0784
Grove City,OH,39.8815,-83.0930
Grove City,PA,41.1578,-80.0887
Grove Hall,MA,42.3112,-71.0745
Grove,OK,36.5937,-94.7691
Groveland,FL,28.5581,-81.8512
Groveland,MA,42.7604,-71.0315
Groveport,OH,39.8784,-82.8838
Grover Beach,CA,35.1216,-120.6213
Groves,TX,29.9483,-93.9171
Groveton,VA,38.7673,-77.0847
Grovetown,GA,33.4504,-82.1982
Guadalupe,AZ,33.3709,-111.9629
Guadalupe,CA,34.9716,-120.5718
Guilford,CT,41.2890,-72.6818
Gulf Breeze,FL,30.3571,-87.1639
Gulf Gate Estates,FL,27.2517,-82.5147
Gulf Hills,MS,30.4305,-88.8423
Gulf Park Estates,MS,30.3919,-88.7611
Gulf Shores,AL,30.2460,-87.7008
Gulfport,FL,27.7484,-82.7034
Gulfport,MS,30.3674,-89.0928
Gun Barrel City,TX,32.3346,-96.1514
Gunbarrel,CO,40.0633,-105.1711
Gunnison,CO,38.5458,-106.9253
Guntersville,AL,34.3582,-86.2945
Gurnee,IL,42.3703,-87.9020
Gustine,CA,37.2577,-120.9988
Guthrie,OK,35.8789,-97.4253
Guttenberg,NJ,40.7921,-74.0037
Guymon,OK,36.6828,-101.4815
Gwynn Oak,MD,39.3326,-76.6928
Gypsum,CO,39.6469,-106.9517
H Street NE,DC,38.9001,-76.9959
Hacienda Heights,CA,33.9931,-117.9687
Hackensack,NJ,40.8859,-74.0435
Hackettstown,NJ,40.8540,-74.8291
Haddon Heights,NJ,39.8773,-75.0646
Haddonfield,NJ,39.8915,-75.0377
Hagerstown,MD,39.6418,-77.7200
Haiku-Pauwela,HI,20.9219,-156.3051
Hailey,ID,43.5196,-114.3153
Haines City,FL,28.1145,-81.6201
Haledon,NJ,40.9357,-74.1863
Hales Corners,WI,42.9375,-88.0487
Half Moon Bay,CA,37.4635,-122.4286
Half Moon,NC,34.8260,-77.4594
Halfway,MD,39.6206,-77.7589
Halifax,MA,41.9912,-70.8620
Hallandale Beach,FL,25.9812,-80.1484
Haltom City,TX,32.7996,-97.2692
Ham Lake,MN,45.2502,-93.2499
Hamburg,NY,42.7159,-78.8295
Hamden,CT,41.3959,-72.8968
Hamilton Square,NJ,40.2273,-74.6532
Hamilton Worcester,MA,42.2562,-71.7676
Hamilton,AL,34.1423,-87.9886
Hamilton,OH,39.3995,-84.5613
Hamlet,NC,34.8849,-79.6942
Hamlin,NY,43.3031,-77.9211
Hammond,IN,41.5834,-87.5000
Hammond,LA,30.5046,-90.4629
Hammonton,NJ,39.6365,-74.8024
Hampden,MA,42.0640,-72.4134
Hampden,MD,39.3309,-76.6350
Hampshire,IL,42.0978,-88.5304
Hampstead,MD,39.6048,-76.8500
Hampstead,NH,42.8745,-71.1812
Hampton Bays,NY,40.8690,-72.5176
Hampton,GA,33.3871,-84.2830
Hampton,MD,39.4229,-76.5847
Hampton,NH,42.9376,-70.8389
Hampton,VA,37.0299,-76.3452
Hamtramck,MI,42.3928,-83.0496
Hanahan,SC,32.9185,-80.0220
Hanford,CA,36.3274,-119.6457
Hannibal,MO,39.7084,-91.3585
Hanover Park,IL,41.9995,-88.1451
Hanover,MA,42.1132,-70.8120
Hanover,MD,39.1929,-76.7241
Hanover,NH,43.7023,-72.2895
Hanover,NJ,40.8045,-74.3668
Hanover,PA,39.8007,-76.9830
Hanson,MA,42.0751,-70.8800
Hapeville,GA,33.6601,-84.4102
Happy Valley,OR,45.4468,-122.5304
Harahan,LA,29.9405,-90.2031
Hardeeville,SC,32.2871,-81.0807
Harker Heights,TX,31.0835,-97.6597
Harlan,IA,41.6530,-95.3256
Harleysville,PA,40.2796,-75.3871
Harlingen,TX,26.1906,-97.6961
Harper Woods,MI,42.4331,-82.9241
Harpswell Center,ME,43.8017,-69.9842
Harrah,OK,35.4895,-97.1636
Harriman,TN,35.9340,-84.5524
Harris Hill,NY,42.9648,-78.6775
Harrisburg,IL,37.7384,-88.5406
Harrisburg,NC,35.3240,-80.6578
Harrisburg,PA,40.2737,-76.8844
Harrisburg,SD,43.4314,-96.6973
Harrison,AR,36.2298,-93.1077
Harrison,NJ,40.7465,-74.1563
Harrison,NY,40.9690,-73.7126
Harrison,OH,39.2620,-84.8200
Harrison,TN,35.1137,-85.1380
Harrison,WI,44.2278,-88.3359
Harrisonburg,VA,38.4496,-78.8689
Harrisonville,MO,38.6533,-94.3488
Harrisville,UT,41.2813,-111.9883
Harrodsburg,KY,37.7623,-84.8433
Hartford City,IN,40.4511,-85.3700
Hartford,CT,41.7637,-72.6851
Hartford,VT,43.6606,-72.3384
Hartford,WI,43.3178,-88.3790
Hartland,WI,43.1050,-88.3420
Hartsdale,NY,41.0190,-73.7982
Hartselle,AL,34.4434,-86.9353
Hartsville,SC,34.3740,-80.0734
Harvard,IL,42.4222,-88.6137
Harvard,MA,42.5001,-71.5828
Harvest,AL,34.8556,-86.7508
Harvey,IL,41.6100,-87.6467
Harvey,LA,29.9035,-90.0773
Harwich,MA,41.6862,-70.0759
Harwood Heights,IL,41.9672,-87.8076
Hasbrouck Heights,NJ,40.8582,-74.0807
Haslett,MI,42.7470,-84.4011
Hastings,MI,42.6459,-85.2908
Hastings,MN,44.7433,-92.8524
Hastings,NE,40.5861,-98.3884
Hastings-on-Hudson,NY,40.9945,-73.8787
Hatboro,PA,40.1743,-75.1068
Hattiesburg,MS,31.3271,-89.2903
Hauppauge,NY,40.8257,-73.2026
Havelock,NC,34.8790,-76.9013
Haverhill,MA,42.7762,-71.0773
Haverstraw,NY,41.1976,-73.9646
Havertown,PA,39.9809,-75.3085
Havre de Grace,MD,39.5493,-76.0916
Havre,MT,48.5500,-109.6841
Hawaiian Gardens,CA,33.8314,-118.0728
Hawaiian Paradise Park,HI,19.5933,-154.9731
Hawkinsville,GA,32.2838,-83.4721
Hawthorn Woods,IL,42.2170,-88.0495
Hawthorne,CA,33.9164,-118.3526
Hawthorne,NJ,40.9493,-74.1538
Hayden,ID,47.7660,-116.7866
Hayesville,OR,44.9860,-122.9829
Hays,KS,38.8792,-99.3268
Haysville,KS,37.5645,-97.3523
Hayward,CA,37.6688,-122.0808
Hazard,KY,37.2495,-83.1932
Hazel Crest,IL,41.5717,-87.6945
Hazel Dell,WA,45.6715,-122.6629
Hazel Park,MI,42.4625,-83.1041
Hazelwood,MO,38.7714,-90.3709
Hazleton,PA,40.9584,-75.9746
Haʻikū,HI,20.9155,-156.3219
Head of Westport,MA,41.6209,-71.0620
Healdsburg,CA,38.6105,-122.8692
Heath,OH,40.0228,-82.4446
Heath,TX,32.8365,-96.4750
Heathcote,NJ,40.3887,-74.5757
Heathrow,FL,28.7633,-81.3722
Heber City,UT,40.5069,-111.4132
Heber Springs,AR,35.4915,-92.0313
Hebron,CT,41.6579,-72.3659
Hebron,KY,39.0659,-84.7011
Helena Valley Southeast,MT,46.6153,-111.9216
Helena Valley West Central,MT,46.6629,-112.0604
Helena,AL,33.2962,-86.8436
Helena,AR,34.5296,-90.5918
Helena,MT,46.5927,-112.0361
Helena-West Helena,AR,34.5291,-90.5900
Hellertown,PA,40.5795,-75.3407
Helotes,TX,29.5780,-98.6898
Hemet,CA,33.7476,-116.9731
Hempstead,NY,40.7062,-73.6187
Hempstead,TX,30.0974,-96.0783
Henderson,KY,37.8362,-87.5900
Henderson,NC,36.3296,-78.3992
Henderson,NV,36.0397,-114.9819
Henderson,TN,35.4392,-88.6414
Henderson,TX,32.1532,-94.7994
Hendersonville,NC,35.3187,-82.4609
Hendersonville,TN,36.3048,-86.6200
Henrietta,NY,43.0592,-77.6122
Henryetta,OK,35.4398,-95.9819
Hercules,CA,38.0171,-122.2886
Hereford,TX,34.8152,-102.3993
Herkimer,NY,43.0256,-74.9860
Hermantown,MN,46.8069,-92.2382
Hermiston,OR,45.8404,-119.2895
Hermitage,PA,41.2334,-80.4487
Hermitage,TN,36.1962,-86.6225
Hermosa Beach,CA,33.8622,-118.3995
Hernando,FL,28.9000,-82.3745
Hernando,MS,34.8240,-89.9937
Herndon,VA,38.9695,-77.3861
Herriman,UT,40.5141,-112.0330
Herrin,IL,37.8031,-89.0276
Hershey,PA,40.2859,-76.6502
Hesperia,CA,34.4264,-117.3009
Hewitt,TX,31.4624,-97.1958
Hewlett,NY,40.6432,-73.6957
Hialeah Gardens,FL,25.8651,-80.3245
Hialeah,FL,25.8576,-80.2781
Hiawatha,IA,42.0358,-91.6821
Hibbing,MN,47.4271,-92.9377
Hickam Field,HI,21.3397,-157.9602
Hickory Hills,IL,41.7256,-87.8251
Hickory,NC,35.7332,-81.3412
Hicksville,NY,40.7684,-73.5251
Hidalgo,TX,26.1003,-98.2631
Hidden Valley Lake,CA,38.8080,-122.5583
Hidden Valley,IN,39.1623,-84.8430
High Point,NC,35.9557,-80.0053
High Springs,FL,29.8269,-82.5968
Highland City,FL,27.9653,-81.8779
Highland Heights,KY,39.0331,-84.4519
Highland Heights,OH,41.5520,-81.4784
Highland Park,IL,42.1817,-87.8003
Highland Park,MI,42.4056,-83.0969
Highland Park,NJ,40.4959,-74.4243
Highland Springs,VA,37.5460,-77.3278
Highland Village,TX,33.0918,-97.0467
Highland,CA,34.1283,-117.2087
Highland,IL,38.7395,-89.6712
Highland,IN,41.5536,-87.4520
Highland,MA,42.2854,-71.1567
Highland,NY,41.7209,-73.9601
Highland,UT,40.4255,-111.7945
Highlands Ranch,CO,39.5539,-104.9694
Highlands,TX,29.8188,-95.0560
Hightstown,NJ,40.2696,-74.5232
Highview,KY,38.1429,-85.6241
Highwood,IL,42.1998,-87.8092
Hillandale,MD,39.0265,-76.9741
Hillcrest Heights,MD,38.8329,-76.9594
Hillcrest,DC,38.8621,-76.9580
Hillcrest,NY,41.1279,-74.0410
Hilliard,OH,40.0334,-83.1582
Hillsboro,IL,39.1613,-89.4954
Hillsboro,OH,39.2023,-83.6116
Hillsboro,OR,45.5229,-122.9898
Hillsboro,TX,32.0110,-97.1300
Hillsborough,CA,37.5741,-122.3794
Hillsborough,NC,36.0754,-79.0997
Hillsborough,NE,41.3004,-96.1288
Hillsborough,NJ,40.4776,-74.6268
Hillsdale,MI,41.9201,-84.6305
Hillsdale,NJ,41.0026,-74.0404
Hillside,IL,41.8778,-87.9028
Hillside,NJ,40.7012,-74.2301
Hillview,KY,38.0698,-85.6855
Hilmar-Irwin,CA,37.4045,-120.8504
Hilo,HI,19.7299,-155.0907
Hilton Head Island,SC,32.1938,-80.7382
Hilton Head,SC,32.2163,-80.7526
Hilton,NY,43.2881,-77.7933
Hinesville,GA,31.8469,-81.5960
Hingham,MA,42.2418,-70.8898
Hinsdale,IL,41.8009,-87.9370
Hitchcock,TX,29.3483,-95.0160
Hobart,IN,41.5323,-87.2550
Hobart,WA,47.4218,-121.9729
Hobart,WI,44.4993,-88.1499
Hobbs,NM,32.7026,-103.1360
Hobe Sound,FL,27.0595,-80.1364
Hoboken,NJ,40.7440,-74.0324
Hockessin,DE,39.7876,-75.6966
Hoffman Estates,IL,42.0428,-88.0798
Holbrook,AZ,34.9023,-110.1582
Holbrook,MA,42.1551,-71.0087
Holbrook,NY,40.8123,-73.0784
Holden,MA,42.3518,-71.8634
Holdenville,OK,35.0804,-96.3992
Holdrege,NE,40.4403,-99.3698
Holiday City-Berkeley,NJ,39.9638,-74.2780
Holiday,FL,28.1878,-82.7395
Holladay,UT,40.6688,-111.8247
Holland,MI,42.7875,-86.1089
Hollidaysburg,PA,40.4273,-78.3889
Hollins,VA,37.3413,-79.9431
Hollis,NH,42.7431,-71.5917
Hollister,CA,36.8524,-121.4016
Holliston,MA,42.2001,-71.4245
Holly Hill,FL,29.2436,-81.0376
Holly Springs,GA,34.1740,-84.5013
Holly Springs,MS,31.3157,-89.9779
Holly Springs,MS,34.7676,-89.4487
Holly Springs,NC,35.6513,-78.8336
Holly,MI,42.7920,-83.6277
Hollymead,VA,38.1171,-78.4417
Hollywood,FL,26.0112,-80.1495
Holmen,WI,43.9633,-91.2562
Holt,MI,42.6406,-84.5152
Holtsville,NY,40.8154,-73.0451
Holtville,CA,32.8112,-115.3803
Holyoke,MA,42.2043,-72.6162
Home Gardens,CA,33.8781,-117.5209
Homeacre-Lyndora,PA,40.8721,-79.9206
Homeland Park,SC,34.4707,-82.6707
Homeland,CA,33.7431,-117.1092
Homer Glen,IL,41.6000,-87.9381
Homer,AK,59.6425,-151.5494
Homestead Meadows North,TX,31.8496,-106.1728
Homestead Meadows South,TX,31.8110,-106.1643
Homestead,FL,25.4687,-80.4776
Homewood,AL,33.4718,-86.8008
Homewood,IL,41.5573,-87.6656
Homosassa Springs,FL,28.8036,-82.5759
Hondo,TX,29.3475,-99.1414
Honolulu,HI,21.3069,-157.8583
Hood River,OR,45.7054,-121.5215
Hooper,UT,41.1638,-112.1224
Hoopeston,IL,40.4673,-87.6684
Hoover,AL,33.4054,-86.8114
Hopatcong Hills,NJ,40.9440,-74.6707
Hopatcong,NJ,40.9329,-74.6593
Hope Mills,NC,34.9704,-78.9453
Hope,AR,33.6671,-93.5916
Hopewell,VA,37.3043,-77.2872
Hopkins,MN,44.9250,-93.4627
Hopkinsville,KY,36.8656,-87.4912
Hopkinton,NH,43.1915,-71.6753
Hopkinton,RI,41.4612,-71.7776
Hoquiam,WA,46.9809,-123.8893
Horizon City,TX,31.6926,-106.2075
Horizon West,FL,28.4338,-81.6227
Horn Lake,MS,34.9554,-90.0348
Hornell,NY,42.3278,-77.6611
Hornsby Bend,TX,30.2474,-97.5833
Horseheads,NY,42.1670,-76.8205
Horsham,PA,40.1784,-75.1285
Hot Springs Village,AR,34.6720,-92.9988
Hot Springs,AR,34.5037,-93.0552
Hough,OH,41.5120,-81.6365
Houghton,MI,47.1219,-88.5690
Houlton,ME,46.1262,-67.8403
Houma,LA,29.5958,-90.7195
Houston,TX,29.7633,-95.3633
Howard Park,MD,39.3312,-76.6947
Howard,WI,44.5436,-88.0882
Howell,MI,42.6073,-83.9294
Howland Center,OH,41.2512,-80.7454
Hubbard,OH,41.1564,-80.5692
Huber Heights,OH,39.8439,-84.1247
Hudson Falls,NY,43.3006,-73.5859
Hudson,FL,28.3645,-82.6934
Hudson,MA,42.3918,-71.5662
Hudson,NH,42.7648,-71.4398
Hudson,NY,42.2529,-73.7910
Hudson,OH,41.2401,-81.4407
Hudson,WI,44.9747,-92.7569
Hudsonville,MI,42.8709,-85.8650
Hueytown,AL,33.4512,-86.9967
Hughson,CA,37.5969,-120.8660
Hugo,MN,45.1600,-92.9933
Hugo,OK,34.0107,-95.5097
Hull,MA,42.3020,-70.9078
Humble,TX,29.9988,-95.2622
Humboldt,TN,35.8198,-88.9159
Hunt Valley,MD,39.4998,-76.6411
Hunters Creek,FL,28.3606,-81.4223
Huntersville,NC,35.4107,-80.8428
Huntertown,IN,41.2284,-85.1725
Huntingburg,IN,38.2989,-86.9550
Huntingdon,PA,40.4848,-78.0103
Huntington Beach,CA,33.6603,-117.9992
Huntington Park,CA,33.9817,-118.2251
Huntington Station,NY,40.8534,-73.4115
Huntington Woods,MI,42.4806,-83.1669
Huntington,IN,40.8831,-85.4975
Huntington,NY,40.8681,-73.4257
Huntington,VA,38.7923,-77.0708
Huntington,WV,38.4192,-82.4451
Huntley,IL,42.1681,-88.4281
Huntsville,AL,34.7304,-86.5859
Huntsville,TX,30.7235,-95.5508
Huron,CA,36.2027,-120.1029
Huron,OH,41.3950,-82.5552
Huron,SD,44.3633,-98.2143
Hurricane,UT,37.1753,-113.2900
Hurricane,WV,38.4326,-82.0201
Hurst,TX,32.8235,-97.1706
Hutchins,TX,32.6493,-96.7130
Hutchinson Island South,FL,27.2995,-80.2204
Hutchinson,KS,38.0608,-97.9298
Hutchinson,MN,44.8877,-94.3697
Hutto,TX,30.5427,-97.5467
Hyannis,MA,41.6529,-70.2828
Hyattsville,MD,38.9559,-76.9455
Hybla Valley,VA,38.7476,-77.0830
Hyde Park,MA,42.2557,-71.1245
Hyrum,UT,41.6341,-111.8522
Hālawa Heights,HI,21.3785,-157.9139
Hālawa,HI,21.3794,-157.9217
Hōlualoa,HI,19.6198,-155.9483
Idabel,OK,33.8957,-94.8263
Idaho Falls,ID,43.4666,-112.0341
Idylwood,VA,38.8951,-77.2117
Ilchester,MD,39.2260,-76.7890
Ilion,NY,43.0151,-75.0354
Immokalee,FL,26.4187,-81.4173
Imperial Beach,CA,32.5839,-117.1131
Imperial,CA,32.8475,-115.5694
Incline Village,NV,39.2513,-119.9730
Independence,IA,42.4686,-91.8893
Independence,KS,37.2242,-95.7083
Independence,KY,38.9431,-84.5441
Independence,MO,39.0911,-94.4155
Independence,OH,41.3687,-81.6379
Independence,OR,44.8512,-123.1868
Independent Hill,VA,38.6360,-77.4378
Indian Harbour Beach,FL,28.1489,-80.5884
Indian Hills,NV,39.0860,-119.7841
Indian River Estates,FL,27.3645,-80.3098
Indian Trail,NC,35.0768,-80.6692
Indian Wells,CA,33.7179,-116.3431
Indiana,PA,40.6215,-79.1525
Indianapolis,IN,39.7684,-86.1580
Indianola,IA,41.3580,-93.5574
Indianola,MS,33.4509,-90.6551
Indiantown,FL,27.0273,-80.4856
Indio,CA,33.7207,-116.2168
Ingleside,TX,27.8778,-97.2117
Inglewood,CA,33.9617,-118.3531
Inglewood-Finn Hill,WA,47.7205,-122.2317
Inkster,MI,42.2942,-83.3099
Inniswold,LA,30.4049,-91.0834
Interlaken,CA,36.9513,-121.7338
International Falls,MN,48.6011,-93.4110
Inver Grove Heights,MN,44.8480,-93.0427
Inverness Highlands South,FL,28.8006,-82.3371
Inverness,FL,28.8358,-82.3304
Inverness,IL,42.1181,-88.0962
Inwood,FL,28.0370,-81.7651
Inwood,NY,40.6221,-73.7468
Iola,KS,37.9245,-95.4000
Iona,FL,26.5204,-81.9640
Ione,CA,38.3527,-120.9327
Ionia,MI,42.9873,-85.0711
Iowa City,IA,41.6611,-91.5302
Iowa Falls,IA,42.5225,-93.2513
Iowa Park,TX,33.9515,-98.6687
Irmo,SC,34.0860,-81.1831
Iron Mountain,MI,45.8202,-88.0660
Irondale,AL,33.5382,-86.7072
Irondale,GA,33.4807,-84.3588
Irondequoit,NY,43.2134,-77.5797
Ironton,OH,38.5367,-82.6829
Ironwood,MI,46.4547,-90.1710
Irvine,CA,33.6695,-117.8231
Irving,TX,32.8140,-96.9489
Irvington,NJ,40.7323,-74.2349
Irvington,NY,41.0392,-73.8682
Isanti,MN,45.4902,-93.2477
Iselin,NJ,40.5754,-74.3224
Ishpeming,MI,46.4885,-87.6676
Isla Vista,CA,34.4133,-119.8610
Islamorada,FL,24.9243,-80.6278
Island Lake,IL,42.2761,-88.1920
Isle of Normandy,FL,25.8529,-80.1351
Islip Terrace,NY,40.7431,-73.1926
Islip,NY,40.7298,-73.2104
Issaquah,WA,47.5301,-122.0326
Itasca,IL,41.9750,-88.0073
Ithaca,NY,42.4406,-76.4966
Ives Estates,FL,25.9623,-80.1767
Ivins,UT,37.1686,-113.6794
Ivy City,DC,38.9112,-76.9847
Jackson,MI,42.2459,-84.4013
Jackson,MO,37.3823,-89.6662
Jackson,MS,32.2988,-90.1848
Jackson,NJ,39.7765,-74.8624
Jackson,OH,39.0520,-82.6365
Jackson,TN,35.6145,-88.8140
Jackson,WI,43.3239,-88.1668
Jackson,WY,43.4799,-110.7624
Jacksonville Beach,FL,30.2947,-81.3931
Jacksonville,AL,33.8138,-85.7613
Jacksonville,AR,34.8662,-92.1102
Jacksonville,FL,30.3322,-81.6556
Jacksonville,IL,39.7339,-90.2290
Jacksonville,NC,34.7540,-77.4302
Jacksonville,TX,31.9638,-95.2705
James City,NC,35.0888,-77.0349
James Island,SC,32.7237,-79.9628
Jamesburg,NJ,40.3526,-74.4402
Jamestown,ND,46.9105,-98.7084
Jamestown,NY,42.0970,-79.2353
Jamestown,RI,41.4971,-71.3673
Jamul,CA,32.7170,-116.8761
Jan-Phyl Village,FL,28.0147,-81.7717
Janesville,WI,42.6828,-89.0187
Jasmine Estates,FL,28.2931,-82.6901
Jasper,AL,33.8312,-87.2775
Jasper,IN,38.3914,-86.9311
Jasper,TX,30.9202,-93.9966
Jeanerette,LA,29.9110,-91.6634
Jeannette,PA,40.3281,-79.6153
Jefferson City,MO,38.5767,-92.1735
Jefferson City,TN,36.1223,-83.4924
Jefferson Hills,PA,40.2912,-79.9320
Jefferson Valley-Yorktown,NY,41.3180,-73.8007
Jefferson,GA,34.1170,-83.5724
Jefferson,LA,29.9660,-90.1531
Jefferson,WI,43.0056,-88.8073
Jeffersontown,KY,38.1942,-85.5644
Jeffersonville,IN,38.2776,-85.7372
Jeffries Point,MA,42.3654,-71.0328
Jenison,MI,42.9072,-85.7920
Jenks,OK,36.0229,-95.9683
Jennings Lodge,OR,45.3912,-122.6126
Jennings,LA,30.2224,-92.6571
Jennings,MO,38.7192,-90.2604
Jensen Beach,FL,27.2545,-80.2298
Jericho,NY,40.7920,-73.5399
Jerome,ID,42.7241,-114.5186
Jersey City,NJ,40.7282,-74.0776
Jersey Village,TX,29.8877,-95.5630
Jerseyville,IL,39.1200,-90.3285
Jessup,MD,39.1493,-76.7752
Jesup,GA,31.6078,-81.8863
Johns Creek,GA,34.0289,-84.1986
Johnsburg,IL,42.3800,-88.2420
Johnson City,NY,42.1156,-75.9588
Johnson City,TN,36.3134,-82.3535
Johnson Lane,NV,39.0480,-119.7221
Johnston,IA,41.6730,-93.6977
Johnston,RI,41.8219,-71.5067
Johnstown,CO,40.3369,-104.9122
Johnstown,NY,43.0067,-74.3676
Johnstown,PA,40.3267,-78.9220
Joint Base Lewis McChord,WA,47.1079,-122.5769
Joint Base Pearl Harbor Hickam,HI,21.3491,-157.9471
Joliet,IL,41.5252,-88.0834
Jonesboro,AR,35.8423,-90.7043
Jonesborough,TN,36.2943,-82.4735
Joplin,MO,37.0842,-94.5133
Joppatowne,MD,39.4140,-76.3580
Jordan,MN,44.6669,-93.6269
Joshua Tree,CA,34.1347,-116.3131
Joshua,TX,32.4615,-97.3881
Junction City,KS,39.0286,-96.8314
Junction City,OR,44.2193,-123.2057
Juneau,AK,58.3019,-134.4197
Jupiter,FL,26.9342,-80.0942
Jurupa Valley,CA,33.9925,-117.5164
Justice,IL,41.7445,-87.8378
Kahului,HI,20.8893,-156.4729
Kailua,HI,21.4024,-157.7405
Kailua-Kona,HI,19.6402,-155.9991
Kalamazoo,MI,42.2917,-85.5872
Kalaoa,HI,19.7286,-155.9817
Kalifornsky,AK,60.4183,-151.2900
Kalihi Valley,HI,21.3637,-157.8429
Kalispell,MT,48.1958,-114.3129
Kaneohe,HI,21.3999,-157.7989
Kankakee,IL,41.1200,-87.8611
Kannapolis,NC,35.4874,-80.6217
Kansas City,KS,39.1142,-94.6275
Kansas City,MO,39.0997,-94.5786
Kapa‘a,HI,22.0752,-159.3190
Kapolei Villages,HI,21.3360,-158.0670
Kapolei,HI,21.3356,-158.0582
Kaser,NY,41.1212,-74.0671
Kasson,MN,44.0300,-92.7507
Kathleen,FL,28.1209,-82.0231
Katy,TX,29.7858,-95.8244
Kaufman,TX,32.5890,-96.3089
Kaukauna,WI,44.2780,-88.2720
Kayenta,AZ,36.7278,-110.2546
Kaysville,UT,41.0352,-111.9386
Keansburg,NJ,40.4418,-74.1299
Kearney,MO,39.3678,-94.3622
Kearney,NE,40.6995,-99.0815
Kearns,UT,40.6600,-111.9963
Kearny,NJ,40.7684,-74.1454
Keene,NH,42.9337,-72.2781
Keene,TX,32.3968,-97.3239
Keizer,OR,44.9901,-123.0262
Kekaha-Waimea,HI,21.9718,-159.6927
Keller,TX,32.9346,-97.2517
Kelso,WA,46.1468,-122.9084
Kemp Mill,MD,39.0390,-77.0191
Ken Caryl,CO,39.5758,-105.1122
Kenai,AK,60.5544,-151.2583
Kendale Lakes,FL,25.7082,-80.4070
Kendall Park,NJ,40.4209,-74.5607
Kendall Square,MA,42.3650,-71.0855
Kendall West,FL,25.7065,-80.4388
Kendall,FL,25.6793,-80.3173
Kendallville,IN,41.4414,-85.2650
Kenilworth,DC,38.9100,-76.9390
Kenilworth,NJ,40.6765,-74.2907
Kenmore,NY,42.9659,-78.8700
Kenmore,WA,47.7573,-122.2440
Kennebunk,ME,43.3840,-70.5448
Kennedale,TX,32.6468,-97.2258
Kennedy Street,DC,38.9563,-77.0180
Kennedy Township,PA,40.4776,-80.1031
Kenner,LA,29.9941,-90.2417
Kennesaw,GA,34.0234,-84.6155
Kenneth City,FL,27.8156,-82.7201
Kennett Square,PA,39.8468,-75.7116
Kennett,MO,36.2362,-90.0556
Kennewick,WA,46.2112,-119.1372
Kenosha Streetcar,WI,42.5869,-87.8102
Kenosha,WI,42.5847,-87.8212
Kensington,CA,37.9105,-122.2802
Kensington,CT,41.6354,-72.7687
Kent,OH,41.1537,-81.3579
Kent,WA,47.3809,-122.2348
Kentfield,CA,37.9522,-122.5572
Kenton,OH,40.6470,-83.6097
Kentwood,MI,42.8695,-85.6448
Kenwood,OH,39.2106,-84.3672
Keokuk,IA,40.3973,-91.3849
Keolu Hills,HI,21.3764,-157.7250
Kerman,CA,36.7236,-120.0599
Kermit,TX,31.8576,-103.0927
Kernersville,NC,36.1199,-80.0737
Kerrville,TX,30.0474,-99.1403
Ketchikan,AK,55.3418,-131.6476
Kettering,MD,38.8846,-76.8147
Kettering,OH,39.6895,-84.1688
Kewanee,IL,41.2456,-89.9248
Key Biscayne,FL,25.6937,-80.1628
Key Largo,FL,25.0865,-80.4473
Key West,FL,24.5552,-81.7816
Keyes,CA,37.5566,-120.9155
Keyport,NJ,40.4332,-74.1996
Keyser,WV,39.4409,-78.9739
Keystone,FL,28.1559,-82.6212
Kilgore,TX,32.3863,-94.8758
Kill Devil Hills,NC,36.0307,-75.6760
Killeen,TX,31.1171,-97.7278
Killingly Center,CT,41.8387,-71.8692
Killingworth,CT,41.3582,-72.5637
Kimberly,WI,44.2722,-88.3390
King City,CA,36.2127,-121.1260
King of Prussia,PA,40.0893,-75.3960
King,NC,36.2807,-80.3592
Kingman,AZ,35.1894,-114.0530
Kings Grant,NC,34.2629,-77.8636
Kings Mountain,NC,35.2451,-81.3412
Kings Park West,VA,38.8144,-77.2958
Kings Park,NY,40.8862,-73.2573
Kings Point,FL,26.4454,-80.1398
Kings Point,NY,40.8198,-73.7351
Kingsburg,CA,36.5138,-119.5540
Kingsford,MI,45.7950,-88.0721
Kingsland,GA,30.8000,-81.6898
Kingsland,TX,30.6582,-98.4406
Kingsport,TN,36.5484,-82.5618
Kingston Estates,NJ,39.9237,-74.9879
Kingston,MA,41.9945,-70.7245
Kingston,NH,42.9365,-71.0534
Kingston,NY,41.9270,-73.9974
Kingston,PA,41.2617,-75.8969
Kingston,RI,41.4804,-71.5226
Kingston,TN,35.8809,-84.5085
Kingsville,TX,27.5159,-97.8561
Kinnelon,NJ,41.0018,-74.3671
Kinston,NC,35.2627,-77.5816
Kirkland,WA,47.6815,-122.2087
Kirksville,MO,40.1947,-92.5833
Kirkwood,MO,38.5834,-90.4068
Kirtland,NM,36.7342,-108.3598
Kirtland,OH,41.6289,-81.3615
Kiryas Joel,NY,41.3420,-74.1679
Kissimmee,FL,28.3047,-81.4167
Klahanie,WA,47.5710,-122.0084
Klamath Falls,OR,42.2249,-121.7817
Knightdale,NC,35.7876,-78.4806
Knik-Fairview,AK,61.5126,-149.6001
Knottsville,KY,37.7717,-86.9042
Knoxville,IA,41.3208,-93.1094
Knoxville,TN,35.9606,-83.9207
Kodiak,AK,57.7885,-152.4053
Kokomo,IN,40.4864,-86.1336
Koolauloa,HI,21.6058,-157.9265
Kosciusko,MS,33.0580,-89.5896
Kronenwetter,WI,44.8222,-89.5904
Kula,HI,20.7909,-156.3270
Kuliouou - Kalani Iki,HI,21.2971,-157.7450
Kuli‘ou‘ou,HI,21.2876,-157.7390
Kulpsville,PA,40.2429,-75.3366
Kuna,ID,43.4918,-116.4201
Kutztown,PA,40.5173,-75.7774
Kyle,TX,29.9891,-97.8772
Kīhei,HI,20.7646,-156.4458
La Cañada Flintridge,CA,34.1992,-118.1878
La Crescenta-Montrose,CA,34.2322,-118.2353
La Crosse,WI,43.8014,-91.2396
La Feria,TX,26.1590,-97.8239
La Grande,OR,45.3246,-118.0877
La Grange Park,IL,41.8347,-87.8617
La Grange,IL,41.8050,-87.8692
La Grange,KY,38.4076,-85.3788
La Habra Heights,CA,33.9609,-117.9506
La Habra,CA,33.9320,-117.9462
La Homa,TX,26.2501,-98.3636
La Junta,CO,37.9850,-103.5438
La Marque,TX,29.3686,-94.9713
La Mesa,CA,32.7678,-117.0231
La Mirada,CA,33.9172,-118.0120
La Palma,CA,33.8464,-118.0467
La Plata,MD,38.5293,-76.9753
La Porte,IN,41.6077,-86.7139
La Porte,TX,29.6658,-95.0194
La Presa,CA,32.7081,-116.9972
La Puente,CA,34.0200,-117.9495
La Quinta,CA,33.6634,-116.3100
La Riviera,CA,38.5669,-121.3569
La Salle,IL,41.3334,-89.0918
La Vergne,TN,36.0156,-86.5819
La Verne,CA,34.1008,-117.7678
La Vista,NE,41.1839,-96.0311
LaFayette,GA,34.7048,-85.2819
LaFollette,TN,36.3829,-84.1199
LaGrange,GA,33.0393,-85.0313
Lacey,WA,47.0343,-122.8232
Lackawanna,NY,42.8256,-78.8234
Lacombe,LA,30.3135,-89.9431
Laconia,NH,43.5279,-71.4703
Lacy-Lakeview,TX,31.6293,-97.1028
Ladera Ranch,CA,33.5709,-117.6356
Ladson,SC,32.9857,-80.1098
Ladue,MO,38.6498,-90.3807
Lady Lake,FL,28.9175,-81.9229
Lafayette,CA,37.8858,-122.1180
Lafayette,CO,39.9936,-105.0897
Lafayette,IN,40.4167,-86.8753
Lafayette,LA,30.2241,-92.0198
Lago Vista,TX,30.4602,-97.9883
Laguna Beach,CA,33.5423,-117.7831
Laguna Hills,CA,33.6125,-117.7128
Laguna Niguel,CA,33.5225,-117.7075
Laguna Woods,CA,33.6103,-117.7253
Lahaina,HI,20.8753,-156.6798
Lake Alfred,FL,28.0920,-81.7234
Lake Arbor,MD,38.9079,-76.8297
Lake Arrowhead,CA,34.2483,-117.1892
Lake Barcroft,VA,38.8479,-77.1558
Lake Bluff,IL,42.2789,-87.8342
Lake Butler,FL,28.5017,-81.5409
Lake Carmel,NY,41.4615,-73.6710
Lake Charles,LA,30.2131,-93.2044
Lake City,FL,30.1897,-82.6393
Lake City,MN,44.4497,-92.2682
Lake City,SC,33.8710,-79.7554
Lake Dallas,TX,33.1193,-97.0256
Lake Elmo,MN,44.9958,-92.8794
Lake Elsinore,CA,33.6681,-117.3273
Lake Fenton,MI,42.8461,-83.7077
Lake Forest Park,WA,47.7568,-122.2810
Lake Forest,CA,33.6470,-117.6892
Lake Forest,FL,25.9776,-80.1831
Lake Forest,IL,42.2586,-87.8406
Lake Geneva,WI,42.5917,-88.4334
Lake Grove,NY,40.8529,-73.1151
Lake Hallie,WI,44.8758,-91.4407
Lake Havasu City,AZ,34.4839,-114.3225
Lake Hiawatha,NJ,40.8826,-74.3815
Lake Hopatcong,NJ,40.9484,-74.6171
Lake Jackson,TX,29.0339,-95.4344
Lake Lorraine,FL,30.4416,-86.5652
Lake Los Angeles,CA,34.6125,-117.8281
Lake Lucerne,FL,25.9651,-80.2414
Lake Magdalene,FL,28.0742,-82.4718
Lake Mary,FL,28.7589,-81.3178
Lake Mills,WI,43.0814,-88.9118
Lake Mohawk,NJ,41.0184,-74.6602
Lake Mohegan,NY,41.3179,-73.8462
Lake Monticello,VA,37.9232,-78.3347
Lake Morton-Berrydale,WA,47.3325,-122.1029
Lake Murray of Richland,SC,34.1205,-81.2645
Lake Norman of Catawba,NC,35.5868,-80.9595
Lake Oswego,OR,45.4207,-122.6706
Lake Park,FL,26.8003,-80.0664
Lake Purdy,AL,33.4301,-86.6805
Lake Ridge,VA,38.6879,-77.2978
Lake Ronkonkoma,NY,40.8351,-73.1312
Lake Saint Louis,MO,38.7976,-90.7857
Lake Shore,MD,39.1071,-76.4850
Lake Shore,WA,45.6907,-122.6909
Lake Station,IN,41.5750,-87.2389
Lake Stevens,WA,48.0151,-122.0637
Lake Stickney,WA,47.8766,-122.2621
Lake Villa,IL,42.4170,-88.0740
Lake Wales,FL,27.9014,-81.5859
Lake Worth Beach,FL,26.6171,-80.0723
Lake Worth Corridor,FL,26.6165,-80.1010
Lake Wylie,SC,35.1085,-81.0429
Lake Zurich,IL,42.1970,-88.0934
Lake in the Hills,IL,42.1817,-88.3304
Lake of the Woods,VA,38.3342,-77.7597
Lakehills,TX,29.6047,-98.9431
Lakeland Highlands,FL,27.9597,-81.9501
Lakeland North,WA,47.3334,-122.2769
Lakeland South,WA,47.2784,-122.2833
Lakeland Village,CA,33.6386,-117.3439
Lakeland,FL,28.0395,-81.9498
Lakeland,TN,35.2306,-89.7404
Lakemoor,IL,42.3286,-88.1990
Lakes by the Bay,FL,25.5723,-80.3253
Lakes of the Four Seasons,IN,41.4103,-87.2131
Lakes,AK,61.6071,-149.3086
Lakeside,CA,32.8573,-116.9223
Lakeside,FL,30.1300,-81.7682
Lakeside,VA,37.6076,-77.4769
Lakeview,NY,40.6820,-73.6540
Lakeview,NY,42.4320,-75.8655
Lakeville,MN,44.6497,-93.2427
Lakeway,TX,30.3638,-97.9796
Lakewood Park,FL,27.5431,-80.4023
Lakewood,CA,33.8536,-118.1340
Lakewood,CO,39.7047,-105.0814
Lakewood,NJ,40.0979,-74.2176
Lakewood,OH,41.4820,-81.7982
Lakewood,WA,47.1718,-122.5185
Lamar,CO,38.0872,-102.6208
Lambertville,MI,41.7659,-83.6280
Lamesa,TX,32.7376,-101.9510
Lamont,CA,35.2597,-118.9143
Lampasas,TX,31.0638,-98.1817
Lancaster,CA,34.6980,-118.1367
Lancaster,MA,42.4556,-71.6731
Lancaster,NY,42.9006,-78.6703
Lancaster,OH,39.7137,-82.5993
Lancaster,PA,40.0379,-76.3055
Lancaster,SC,34.7204,-80.7709
Lancaster,TX,32.5921,-96.7561
Land O' Lakes,FL,28.2189,-82.4576
Landen,OH,39.3120,-84.2830
Landenberg,PA,39.7773,-75.7713
Lander,WY,42.8330,-108.7307
Landing,NJ,40.9051,-74.6652
Landover,MD,38.9340,-76.8966
Lanett,AL,32.8687,-85.1905
Langley Park,MD,38.9887,-76.9814
Lanham,MD,38.9688,-76.8634
Lanham-Seabrook,MD,38.9684,-76.8511
Lansdale,PA,40.2415,-75.2838
Lansdowne,MD,39.2451,-76.6605
Lansdowne,PA,39.9382,-75.2719
Lansing,IL,41.5648,-87.5389
Lansing,KS,39.2486,-94.9002
Lansing,MI,42.7325,-84.5555
Lantana,FL,26.5867,-80.0520
Lantana,TX,33.0907,-97.1242
Lapeer,MI,43.0514,-83.3188
Laplace,LA,30.0670,-90.4815
Laramie,WY,41.3114,-105.5911
Larchmont,NY,40.9279,-73.7518
Laredo,TX,27.5064,-99.5075
Largo,FL,27.9098,-82.7884
Largo,MD,38.8880,-76.8360
Larkfield-Wikiup,CA,38.5134,-122.7509
Larkspur,CA,37.9341,-122.5353
Larose,LA,29.5724,-90.3817
Las Cruces,NM,32.3123,-106.7783
Las Flores,CA,33.5881,-117.6267
Las Vegas,NM,35.5939,-105.2239
Las Vegas,NV,36.1750,-115.1372
Latham,NY,42.7470,-73.7590
Lathrop,CA,37.8227,-121.2766
Latimer,MS,30.5346,-88.8667
Latrobe,PA,40.3212,-79.3795
Lauderdale Lakes,FL,26.1665,-80.2084
Lauderdale-by-the-Sea,FL,26.1920,-80.0964
Lauderhill,FL,26.1404,-80.2134
Laughlin,NV,35.1678,-114.5730
Laurel Bay,SC,32.4502,-80.7848
Laurel Hill,VA,38.7166,-77.2369
Laurel,FL,27.1438,-82.4616
Laurel,MD,39.0993,-76.8483
Laurel,MS,31.6941,-89.1306
Laurel,MT,45.6691,-108.7715
Laurel,VA,37.6429,-77.5089
Laurence Harbor,NJ,40.4568,-74.2465
Laurens,SC,34.4990,-82.0143
Laurinburg,NC,34.7741,-79.4628
Lawndale,CA,33.8872,-118.3526
Lawrence,IN,39.8387,-86.0253
Lawrence,KS,38.9717,-95.2352
Lawrence,MA,42.7070,-71.1631
Lawrence,NY,40.6157,-73.7296
Lawrenceburg,KY,38.0373,-84.8966
Lawrenceburg,TN,35.2423,-87.3347
Lawrenceville,GA,33.9562,-83.9880
Lawton,OK,34.6087,-98.3903
Layhill,MD,39.0923,-77.0444
Layton,UT,41.0602,-111.9711
Le Mars,IA,42.7942,-96.1656
Lea Hill,WA,47.3262,-122.1815
League City,TX,29.5074,-95.0949
Lealman,FL,27.8211,-82.6793
Leander,TX,30.5788,-97.8531
Leavenworth,KS,39.3111,-94.9225
Leawood,KS,38.9667,-94.6169
Lebanon,IN,40.0484,-86.4692
Lebanon,KY,37.5698,-85.2527
Lebanon,ME,43.3945,-70.8509
Lebanon,MO,37.6806,-92.6638
Lebanon,NH,43.6423,-72.2518
Lebanon,OH,39.4353,-84.2030
Lebanon,OR,44.5365,-122.9070
Lebanon,PA,40.3409,-76.4113
Lebanon,TN,36.2081,-86.2911
Lecanto,FL,28.8516,-82.4876
Ledyard,CT,41.4398,-72.0142
Lee Acres,NM,35.1487,-106.6470
Lee Acres,NM,36.6989,-108.0367
Lee's Summit,MO,38.9108,-94.3822
Leeds,AL,33.5482,-86.5444
Leesburg,FL,28.8108,-81.8779
Leesburg,VA,39.1157,-77.5636
Leesville,LA,31.1435,-93.2610
Lehi,UT,40.3916,-111.8508
Lehigh Acres,FL,26.6254,-81.6248
Lehighton,PA,40.8337,-75.7138
Leicester,MA,42.2459,-71.9087
Leisure City,FL,25.4954,-80.4292
Leisure World,MD,39.1023,-77.0690
Leitchfield,KY,37.4800,-86.2939
Leland,NC,34.2563,-78.0447
Lemay,MO,38.5334,-90.2793
Lemmon Valley,NV,39.6360,-119.8432
Lemon Grove,CA,32.7426,-117.0314
Lemont,IL,41.6736,-88.0017
Lemoore Station,CA,36.2633,-119.9048
Lemoore,CA,36.3008,-119.7829
Lenexa,KS,38.9536,-94.7336
Lennox,CA,33.9381,-118.3526
Lenoir City,TN,35.7973,-84.2560
Lenoir,NC,35.9140,-81.5390
Leola,PA,40.0879,-76.1850
Leominster,MA,42.5251,-71.7598
Leonia,NJ,40.8615,-73.9882
Levelland,TX,33.5873,-102.3780
Levittown,NY,40.7259,-73.5143
Levittown,PA,40.1551,-74.8288
Lewis Center,OH,40.1984,-83.0102
Lewisburg,PA,40.9645,-76.8844
Lewisburg,TN,35.4492,-86.7889
Lewiston Orchards,ID,46.3804,-116.9754
Lewiston,ID,46.4166,-117.0177
Lewiston,ME,44.1003,-70.2148
Lewistown,MT,47.0625,-109.4282
Lewistown,PA,40.5992,-77.5714
Lewisville,NC,36.0971,-80.4192
Lewisville,TX,33.0462,-96.9942
Lexington Park,MD,38.2668,-76.4538
Lexington,KY,37.9887,-84.4777
Lexington,MA,42.4473,-71.2245
Lexington,NC,35.8240,-80.2534
Lexington,NE,40.7808,-99.7415
Lexington,SC,33.9815,-81.2362
Lexington,TN,35.6509,-88.3934
Lexington,VA,37.7840,-79.4428
Lexington-Fayette,KY,38.0498,-84.4586
Liberal,KS,37.0431,-100.9210
Liberty Lake,WA,47.6759,-117.1182
Liberty,MO,39.2461,-94.4191
Liberty,TX,30.0580,-94.7955
Libertyville,IL,42.2831,-87.9531
Lighthouse Point,FL,26.2756,-80.0873
Lihue,HI,21.9812,-159.3721
Lilburn,GA,33.8901,-84.1430
Lima,OH,40.7426,-84.1052
Limerick,PA,40.2309,-75.5221
Lincoln City,OR,44.9582,-124.0179
Lincoln Heights,DC,38.8946,-76.9289
Lincoln Park,MI,42.2506,-83.1785
Lincoln Park,NJ,40.9243,-74.3021
Lincoln Village,OH,39.9548,-83.1307
Lincoln,AL,33.6132,-86.1183
Lincoln,CA,38.8916,-121.2930
Lincoln,IL,40.1484,-89.3648
Lincoln,MA,42.4259,-71.3040
Lincoln,NE,40.8000,-96.6670
Lincoln,RI,41.9211,-71.4350
Lincolnia,VA,38.8184,-77.1433
Lincolnshire,IL,42.1900,-87.9084
Lincolnton,NC,35.4738,-81.2545
Lincolnwood,IL,42.0045,-87.7301
Lincroft,NJ,40.3307,-74.1210
Linda,CA,39.1277,-121.5508
Lindale,TX,32.5157,-95.4094
Linden,NJ,40.6221,-74.2446
Lindenhurst,IL,42.4106,-88.0262
Lindenhurst,NY,40.6868,-73.3735
Lindenwold,NJ,39.8243,-74.9977
Lindon,UT,40.3433,-111.7208
Lindsay,CA,36.2030,-119.0882
Linganore,MD,39.4110,-77.3020
Linglestown,PA,40.3340,-76.7891
Lino Lakes,MN,45.1602,-93.0888
Linthicum,MD,39.2051,-76.6527
Linton Hall,VA,38.7598,-77.5750
Linton,IN,39.0348,-87.1659
Linwood,NJ,39.3398,-74.5752
Lionville,PA,40.0537,-75.6599
Lisbon,ME,44.0315,-70.1045
Lisle,IL,41.8011,-88.0748
Litchfield Park,AZ,33.4934,-112.3579
Litchfield,IL,39.1753,-89.6543
Litchfield,MN,45.1272,-94.5280
Litchfield,NH,42.8443,-71.4798
Lithia Springs,GA,33.7940,-84.6605
Lititz,PA,40.1573,-76.3069
Little Canada,MN,45.0269,-93.0877
Little Chute,WI,44.2800,-88.3184
Little Cottonwood Creek Valley,UT,40.6044,-111.8294
Little Elm,TX,33.1626,-96.9375
Little Falls,MN,45.9763,-94.3625
Little Falls,NJ,40.8690,-74.2082
Little Ferry,NJ,40.8529,-74.0421
Little Havana,FL,25.7681,-80.2331
Little River,SC,33.8732,-78.6142
Little Rock,AR,34.7465,-92.2896
Little Silver,NJ,40.3368,-74.0471
Littlefield,TX,33.9173,-102.3249
Littleton,CO,39.6133,-105.0166
Live Oak,CA,36.9836,-121.9805
Live Oak,CA,39.2757,-121.6600
Live Oak,FL,30.2950,-82.9840
Live Oak,TX,29.5652,-98.3364
Livermore,CA,37.6819,-121.7680
Livingston,CA,37.3869,-120.7235
Livingston,MT,45.6624,-110.5610
Livingston,NJ,40.7959,-74.3149
Livingston,TX,30.7110,-94.9330
Livonia,MI,42.3684,-83.3527
Lochbuie,CO,40.0072,-104.7161
Lochearn,MD,39.3407,-76.7222
Lock Haven,PA,41.1370,-77.4469
Lockhart,FL,28.6194,-81.4426
Lockhart,TX,29.8849,-97.6700
Lockport,IL,41.5895,-88.0578
Lockport,NY,43.1706,-78.6903
Lockwood,MT,45.8191,-108.4149
Locust Grove,GA,33.3460,-84.1091
Lodi,CA,38.1302,-121.2725
Lodi,NJ,40.8823,-74.0832
Logan,OH,39.5401,-82.4071
Logan,UT,41.7355,-111.8344
Logansport,IN,40.7545,-86.3567
Loganville,GA,33.8390,-83.9007
Loma Linda,CA,34.0483,-117.2612
Lombard,IL,41.8800,-88.0078
Lomita,CA,33.7922,-118.3151
Lompoc,CA,34.6392,-120.4579
London,KY,37.1290,-84.0833
London,OH,39.8865,-83.4483
Londonderry,NH,42.8651,-71.3739
Londontowne,MD,38.9335,-76.5494
Lone Grove,OK,34.1754,-97.2628
Lone Tree,CO,39.5517,-104.8863
Long Beach,CA,33.7670,-118.1892
Long Beach,MS,30.3505,-89.1528
Long Beach,NC,33.9104,-78.1178
Long Beach,NY,40.5884,-73.6579
Long Branch,NJ,40.3043,-73.9924
Long Grove,IL,42.1784,-87.9978
Longboat Key,FL,27.4125,-82.6590
Longfellow Community,MN,44.9426,-93.2256
Longmeadow,MA,42.0501,-72.5829
Longmont,CO,40.1672,-105.1019
Longview,TX,32.5007,-94.7405
Longview,WA,46.1382,-122.9382
Longwood,FL,28.7031,-81.3384
Loomis,CA,38.8213,-121.1930
Lorain,OH,41.4528,-82.1824
Lorton,VA,38.7043,-77.2278
Los Alamitos,CA,33.8031,-118.0726
Los Alamos,NM,35.8881,-106.3070
Los Altos Hills,CA,37.3797,-122.1375
Los Altos,CA,37.3852,-122.1141
Los Angeles,CA,34.0522,-118.2437
Los Banos,CA,37.0583,-120.8499
Los Chavez,NM,34.7257,-106.7573
Los Fresnos,TX,26.0717,-97.4764
Los Gatos,CA,37.2266,-121.9747
Los Lunas,NM,34.8062,-106.7334
Los Osos,CA,35.3111,-120.8324
Los Ranchos de Albuquerque,NM,35.1620,-106.6428
Los Serranos,CA,33.9728,-117.7081
Loudon,TN,35.7328,-84.3338
Louisville,CO,39.9778,-105.1319
Louisville,KY,38.2542,-85.7594
Louisville,MS,33.1237,-89.0551
Louisville,OH,40.8373,-81.2596
Lovejoy,GA,33.4362,-84.3144
Loveland,CO,40.3978,-105.0750
Loveland,OH,39.2689,-84.2638
Loves Park,IL,42.3200,-89.0582
Lovington,NM,32.9440,-103.3486
Lowell,AR,36.2553,-94.1308
Lowell,IN,41.2914,-87.4206
Lowell,MA,42.6334,-71.3162
Lower Allen,PA,40.2265,-76.9005
Lower Allston,MA,42.3646,-71.1258
Lower Burrell,PA,40.5531,-79.7573
Lowes Island,VA,39.0598,-77.3522
Lubbock,TX,33.5779,-101.8552
Lucas Valley-Marinwood,CA,38.0401,-122.5755
Lucas,TX,33.0843,-96.5767
Lucerne Valley,CA,34.4439,-116.9678
Ludington,MI,43.9553,-86.4526
Ludlow,MA,42.1601,-72.4759
Lufkin,TX,31.3382,-94.7291
Lugoff,SC,34.2274,-80.6893
Luling,LA,29.9322,-90.3665
Luling,TX,29.6805,-97.6475
Lumberton,NC,34.6183,-79.0105
Lumberton,NJ,39.9659,-74.8052
Lumberton,TX,30.2658,-94.1996
Lutherville,MD,39.4212,-76.6261
Lutherville-Timonium,MD,39.4400,-76.6110
Lutz,FL,28.1511,-82.4615
Lynbrook,NY,40.6548,-73.6718
Lynchburg,TN,35.2831,-86.3742
Lynchburg,VA,37.4138,-79.1423
Lynden,WA,48.9465,-122.4521
Lyndhurst,NJ,40.8120,-74.1243
Lyndhurst,OH,41.5200,-81.4887
Lyndon,KY,38.2567,-85.6016
Lyndon,VT,44.5142,-72.0109
Lynn Haven,FL,30.2455,-85.6483
Lynn,MA,42.4668,-70.9495
Lynnfield,MA,42.5390,-71.0481
Lynnwood,WA,47.8209,-122.3151
Lynwood,CA,33.9303,-118.2115
Lynwood,IL,41.5264,-87.5387
Lynwood,IL,41.6836,-88.3937
Lyons,IL,41.8134,-87.8181
Lā‘ie,HI,21.6455,-157.9225
Mableton,GA,33.8187,-84.5824
Macclenny,FL,30.2822,-82.1221
Macedonia,OH,41.3137,-81.5084
Machesney Park,IL,42.3472,-89.0390
Mack,OH,39.1581,-84.6497
Macomb,IL,40.4592,-90.6718
Macon,GA,32.8407,-83.6324
Macon,MO,39.7423,-92.4727
Madeira,OH,39.1909,-84.3636
Madera Acres,CA,37.0191,-120.0668
Madera,CA,36.9613,-120.0607
Madison Heights,MI,42.4859,-83.1052
Madison Heights,VA,37.4310,-79.1231
Madison Park,NJ,40.4515,-74.3079
Madison,AL,34.6993,-86.7483
Madison,CT,41.2795,-72.5984
Madison,IN,38.7359,-85.3800
Madison,MS,32.4618,-90.1154
Madison,NJ,40.7598,-74.4171
Madison,SD,44.0061,-97.1140
Madison,WI,43.0731,-89.4012
Madisonville,KY,37.3281,-87.4989
Madras,OR,44.6335,-121.1295
Magalia,CA,39.8121,-121.5783
Magna,UT,40.7091,-112.1016
Magnolia,AR,33.2671,-93.2393
Mahomet,IL,40.1953,-88.4042
Mahopac,NY,41.3723,-73.7335
Mahtomedi,MN,45.0697,-92.9516
Mahwah,NJ,41.0887,-74.1438
Maitland,FL,28.6278,-81.3631
Makakilo / Kapolei / Honokai Hale,HI,21.3374,-158.0968
Makakilo City,HI,21.3469,-158.0858
Makakilo,HI,21.3524,-158.0865
Makakilo-Makaīwa Hills-Kunia,HI,21.3668,-158.0733
Makawao,HI,20.8569,-156.3131
Makiki / Lower Punchbowl / Tantalus,HI,21.3176,-157.8312
Malden,MA,42.4251,-71.0662
Malibu,CA,34.0258,-118.7804
Malone,NY,44.8487,-74.2949
Maltby,WA,47.8051,-122.1132
Malvern,AR,34.3623,-92.8130
Malverne,NY,40.6790,-73.6740
Mamaroneck,NY,40.9487,-73.7326
Mammoth Lakes,CA,37.6486,-118.9721
Manasquan,NJ,40.1262,-74.0493
Manassas Park,VA,38.7840,-77.4697
Manassas,VA,38.7510,-77.4753
Manchester,CT,41.7759,-72.5215
Manchester,IA,42.4841,-91.4554
Manchester,MD,39.6612,-76.8850
Manchester,MO,38.5970,-90.5093
Manchester,NH,42.9956,-71.4548
Manchester,TN,35.4817,-86.0886
Manchester,WA,47.5557,-122.5451
Manchester-by-the-Sea,MA,42.5779,-70.7689
Mandan,ND,46.8267,-100.8896
Mandeville,LA,30.3583,-90.0656
Mango,FL,27.9797,-82.3065
Manhasset,NY,40.7979,-73.6996
Manhattan Beach,CA,33.8847,-118.4109
Manhattan,IL,41.4225,-87.9859
Manhattan,KS,39.1836,-96.5717
Manhattan,NY,40.7834,-73.9663
Manistee,MI,44.2445,-86.3243
Manitou Springs,CO,38.8597,-104.9172
Manitowoc,WI,44.0886,-87.6576
Mankato,MN,44.1591,-94.0092
Manoa,HI,21.3161,-157.8042
Manor,TX,30.3408,-97.5570
Manorhaven,NY,40.8432,-73.7148
Manorville,NY,40.8737,-72.8079
Mansfield Center,MA,42.0226,-71.2181
Mansfield City,CT,41.7659,-72.2337
Mansfield,MA,42.0334,-71.2189
Mansfield,OH,40.7584,-82.5155
Mansfield,TX,32.5632,-97.1417
Manteca,CA,37.7974,-121.2160
Manteno,IL,41.2506,-87.8314
Mantua,VA,38.8537,-77.2594
Manvel,TX,29.4627,-95.3580
Manville,NJ,40.5409,-74.5877
Maple Glen,PA,40.0156,-79.9767
Maple Glen,PA,40.1793,-75.1804
Maple Grove,MN,45.0725,-93.4558
Maple Heights,OH,41.4153,-81.5660
Maple Shade,NJ,39.9526,-74.9924
Maple Valley,WA,47.3927,-122.0464
Mapleton,UT,40.1302,-111.5785
Maplewood,MN,44.9530,-92.9952
Maplewood,MO,38.6125,-90.3246
Maplewood,NJ,40.7312,-74.2735
Maplewood,WA,47.4018,-122.5571
Maquoketa,IA,42.0689,-90.6657
Marana,AZ,32.4367,-111.2254
Marathon,FL,24.7138,-81.0904
Marble Falls,TX,30.5784,-98.2751
Marblehead,MA,42.5001,-70.8578
Marbletown,NY,41.8834,-74.1132
Marco Island,FL,25.9412,-81.7184
Marco,FL,25.9726,-81.7290
Marengo,IL,42.2486,-88.6084
Margate City,NJ,39.3279,-74.5035
Margate,FL,26.2445,-80.2064
Marianna,FL,30.7744,-85.2269
Maricopa,AZ,33.0581,-112.0476
Marietta,GA,33.9526,-84.5499
Marietta,OH,39.4153,-81.4548
Marina,CA,36.6844,-121.8022
Marine Corps Base Hawaii - MCBH,HI,21.4434,-157.7498
Marinette,WI,45.1000,-87.6307
Marion Oaks,FL,29.0086,-82.1831
Marion,AR,35.2145,-90.1965
Marion,IA,42.0342,-91.5977
Marion,IL,37.7306,-88.9331
Marion,IN,40.5584,-85.6591
Marion,MA,41.7001,-70.7628
Marion,NC,35.6840,-82.0093
Marion,OH,40.5887,-83.1285
Marion,SC,34.1782,-79.4006
Marion,VA,36.8348,-81.5148
Markham,IL,41.5936,-87.6948
Marksville,LA,31.1280,-92.0662
Marlboro Village,MD,38.8305,-76.7696
Marlboro,NJ,40.3154,-74.2463
Marlborough,MA,42.3459,-71.5523
Marlin,TX,31.3063,-96.8980
Marlow Heights,MD,38.8334,-76.9516
Marlton,MD,38.7737,-76.7900
Marlton,NJ,39.8912,-74.9218
Marquette,MI,46.5435,-87.3954
Marrero,LA,29.8994,-90.1004
Marshall,MI,42.2723,-84.9633
Marshall,MN,44.4469,-95.7883
Marshall,MO,39.1231,-93.1969
Marshall,TX,32.5449,-94.3674
Marshalltown,IA,42.0494,-92.9080
Marshfield,MO,37.3387,-92.9071
Marshfield,WI,44.6688,-90.1718
Marstons Mills,MA,41.6562,-70.4161
Martha Lake,WA,47.8509,-122.2393
Martin,TN,36.3434,-88.8503
Martinez,CA,38.0194,-122.1341
Martinez,GA,33.5174,-82.0757
Martins Ferry,OH,40.0959,-80.7245
Martinsburg,WV,39.4562,-77.9639
Martinsville,IN,39.4278,-86.4283
Martinsville,NJ,40.6012,-74.5590
Martinsville,VA,36.6915,-79.8725
Marvin,NC,34.9918,-80.8148
Maryland City,MD,39.0921,-76.8178
Maryland Heights,MO,38.7131,-90.4298
Marysville,CA,39.1457,-121.5914
Marysville,MI,42.9125,-82.4869
Marysville,OH,40.2364,-83.3671
Marysville,WA,48.0518,-122.1771
Maryville,IL,38.7237,-89.9559
Maryville,MO,40.3461,-94.8725
Maryville,TN,35.7565,-83.9705
Mascotte,FL,28.5783,-81.8868
Mascoutah,IL,38.4903,-89.7931
Mashpee,MA,41.6484,-70.4811
Mason City,IA,43.1536,-93.2010
Mason,MI,42.5792,-84.4436
Mason,OH,39.3601,-84.3099
Masonboro,NC,34.1793,-77.8475
Massapequa Park,NY,40.6804,-73.4551
Massapequa,NY,40.6807,-73.4743
Massena,NY,44.9281,-74.8919
Massillon,OH,40.7967,-81.5215
Mastic Beach,NY,40.7668,-72.8521
Mastic,NY,40.8020,-72.8409
Matawan,NJ,40.4148,-74.2296
Mathis,TX,28.0945,-97.8281
Mattapan,MA,42.2723,-71.0870
Mattapoisett,MA,41.6584,-70.8161
Matteson,IL,41.5039,-87.7131
Matthews,NC,35.1168,-80.7237
Mattoon,IL,39.4831,-88.3728
Mattydale,NY,43.0978,-76.1452
Mauldin,SC,34.7787,-82.3101
Maumee,OH,41.5628,-83.6538
Maumelle,AR,34.8668,-92.4043
Mayfield Heights,OH,41.5192,-81.4579
Mayfield,KY,36.7417,-88.6367
Mayflower Village,CA,34.1150,-118.0098
Maynard,MA,42.4334,-71.4495
Mayo,MD,38.8876,-76.5119
Mays Chapel,MD,39.4332,-76.6494
Maysville,KY,38.6412,-83.7444
Maywood,CA,33.9867,-118.1853
Maywood,IL,41.8792,-87.8431
Maywood,NJ,40.9026,-74.0618
McAlester,OK,34.9334,-95.7697
McAllen,TX,26.2034,-98.2300
McComb,MS,31.2438,-90.4531
McCook,NE,40.2019,-100.6257
McCordsville,IN,39.9081,-85.9228
McDonough,GA,33.4473,-84.1469
McFarland,CA,35.6780,-119.2293
McFarland,WI,43.0125,-89.2898
McGregor,FL,26.5609,-81.9145
McGregor,TX,31.4441,-97.4092
McHenry,IL,42.3334,-88.2668
McKees Rocks,PA,40.4656,-80.0656
McKeesport,PA,40.3479,-79.8642
McKenzie,TN,36.1326,-88.5187
McKinleyville,CA,40.9465,-124.1006
McKinney,TX,33.1976,-96.6153
McLean,VA,38.9343,-77.1775
McMinnville,OR,45.2101,-123.1987
McMinnville,TN,35.6834,-85.7700
McPherson,KS,38.3708,-97.6642
McRae,GA,32.0680,-82.9007
Mead Valley,CA,33.8334,-117.2961
Mead,WA,47.7674,-117.3549
Meadow Lakes,AK,61.6247,-149.6011
Meadow Woods,FL,28.3856,-81.3665
Meadowbrook,AL,33.4021,-86.6967
Meadowbrook,VA,37.4488,-77.4735
Meads,KY,38.4126,-82.7091
Meadville,PA,41.6414,-80.1514
Mebane,NC,36.0960,-79.2670
Mecca,CA,33.5722,-116.0782
Mechanicsburg,PA,40.2143,-77.0086
Mechanicstown,NY,41.4429,-74.3885
Mechanicsville,VA,37.6088,-77.3733
Mechanicville,NY,42.9029,-73.6873
Medfield,MA,42.1876,-71.3064
Medford,MA,42.4184,-71.1062
Medford,NY,40.8176,-73.0001
Medford,OR,42.3265,-122.8756
Media,PA,39.9168,-75.3877
Medina,MN,45.0352,-93.5825
Medina,NY,43.2201,-78.3870
Medina,OH,41.1384,-81.8637
Medulla,FL,27.9678,-81.9734
Medway,MA,42.1418,-71.3967
Mehlville,MO,38.5084,-90.3229
Melbourne,FL,28.0836,-80.6081
Melissa,TX,33.2859,-96.5728
Melrose Park,FL,26.1134,-80.1934
Melrose Park,IL,41.9006,-87.8567
Melrose,MA,42.4584,-71.0662
Melville,NY,40.7934,-73.4151
Melvindale,MI,42.2825,-83.1752
Memphis,FL,27.5359,-82.5612
Memphis,TN,35.1495,-90.0490
Mena,AR,34.5862,-94.2397
Menasha,WI,44.2022,-88.4465
Mendham,NJ,40.7759,-74.6007
Mendon,MA,42.1056,-71.5523
Mendota Heights,MN,44.8836,-93.1383
Mendota,CA,36.7536,-120.3816
Mendota,IL,41.5472,-89.1176
Menifee,CA,33.7283,-117.1464
Menlo Park,CA,37.4538,-122.1822
Menominee,MI,45.1078,-87.6143
Menomonee Falls,WI,43.1789,-88.1173
Menomonie,WI,44.8755,-91.9193
Mentone,CA,34.0700,-117.1345
Mentor,OH,41.6662,-81.3396
Mentor-on-the-Lake,OH,41.7050,-81.3604
Mequon,WI,43.2156,-88.0300
Meraux,LA,29.9302,-89.9162
Merced,CA,37.3022,-120.4830
Mercedes,TX,26.1498,-97.9136
Mercer Island,WA,47.5707,-122.2221
Mercerville,NJ,40.2371,-74.6865
Mercerville-Hamilton Square,NJ,40.2313,-74.6722
Meriden,CT,41.5382,-72.8070
Meridian,ID,43.6121,-116.3915
Meridian,MS,32.3643,-88.7037
Meridianville,AL,34.8515,-86.5722
Merriam,KS,39.0236,-94.6936
Merrick,NY,40.6629,-73.5515
Merrifield,VA,38.8743,-77.2269
Merrill,WI,45.1805,-89.6835
Merrillville,IN,41.4828,-87.3328
Merrimac,MA,42.8306,-71.0023
Merrimack,NH,42.8651,-71.4934
Merritt Island,FL,28.3590,-80.6900
Merrydale,LA,30.5013,-91.1084
Mesa,AZ,33.4223,-111.8226
Mesquite,NV,36.8055,-114.0672
Mesquite,TX,32.7668,-96.5992
Metairie,LA,29.9841,-90.1529
Methuen,MA,42.7262,-71.1909
Metropolis,IL,37.1512,-88.7320
Metuchen,NJ,40.5432,-74.3632
Mexia,TX,31.6799,-96.4822
Mexico,MO,39.1698,-91.8829
Miami Beach,FL,25.7906,-80.1300
Miami Gardens,FL,25.9420,-80.2456
Miami Lakes,FL,25.9087,-80.3087
Miami Shores,FL,25.8632,-80.1928
Miami Springs,FL,25.8223,-80.2895
Miami,FL,25.7743,-80.1937
Miami,OK,36.8745,-94.8775
Miamisburg,OH,39.6428,-84.2866
Micco,FL,27.8806,-80.5003
Michigan City,IN,41.7075,-86.8950
Middle Island,NY,40.8843,-72.9373
Middle River,MD,39.3343,-76.4394
Middle Valley,TN,35.1959,-85.1847
Middleborough Center,MA,41.8946,-70.9262
Middleborough,MA,41.8932,-70.9112
Middleburg Heights,OH,41.3614,-81.8129
Middleburg,FL,30.0689,-81.8604
Middlebury (village),VT,44.0155,-73.1694
Middlebury,CT,41.5279,-73.1276
Middlesboro,KY,36.6084,-83.7166
Middlesex,NJ,40.5726,-74.4926
Middleton,ID,43.7068,-116.6201
Middleton,MA,42.5951,-71.0162
Middleton,WI,43.0972,-89.5043
Middletown,CT,41.5623,-72.6506
Middletown,DE,39.4496,-75.7163
Middletown,KY,38.2454,-85.5388
Middletown,NJ,40.3943,-74.1171
Middletown,NY,41.4459,-74.4229
Middletown,OH,39.5151,-84.3983
Middletown,PA,40.1998,-76.7311
Middletown,PA,40.6440,-75.3324
Middletown,RI,41.5457,-71.2914
Midfield,AL,33.4615,-86.9089
Midland Park,NJ,40.9893,-74.1407
Midland,MI,43.6156,-84.2472
Midland,TX,31.9974,-102.0779
Midland,WA,47.1670,-122.4048
Midlothian,IL,41.6253,-87.7176
Midlothian,TX,32.4824,-96.9945
Midlothian,VA,37.5060,-77.6492
Midvale,UT,40.6111,-111.8999
Midway,FL,30.4065,-87.0055
Midwest City,OK,35.4495,-97.3967
Mila Doce,TX,26.2262,-97.9589
Milan,IL,41.4531,-90.5721
Milan,MI,42.0853,-83.6824
Milan,TN,35.9198,-88.7589
Miles City,MT,46.4083,-105.8406
Milford Mill,MD,39.3479,-76.7700
Milford,CT,41.2223,-73.0565
Milford,DE,38.9126,-75.4280
Milford,MA,42.1398,-71.5162
Milford,MI,42.5936,-83.5994
Milford,NH,42.8354,-71.6490
Milford,OH,39.1753,-84.2944
Mililani Mauka / Launani Valley,HI,21.4789,-157.9880
Mililani Mauka,HI,21.4779,-157.9945
Mililani Town,HI,21.4504,-158.0150
Mill Creek East,WA,47.8360,-122.1877
Mill Creek,WA,47.8601,-122.2043
Mill Plain,WA,45.6429,-122.4940
Mill Valley,CA,37.9060,-122.5450
Millbrae,CA,37.5986,-122.3872
Millbrook,AL,32.4799,-86.3619
Millburn,NJ,40.7248,-74.3040
Millbury,MA,42.1940,-71.7601
Millcreek,UT,40.6869,-111.8755
Milledgeville,GA,33.0801,-83.2321
Miller Place,NY,40.9598,-72.9962
Millersville,PA,39.9979,-76.3541
Millersville,TN,36.3712,-86.7100
Milliken,CO,40.3294,-104.8552
Millington,TN,35.3415,-89.8973
Millis,MA,42.1676,-71.3578
Mills River,NC,35.3884,-82.5668
Milltown,NJ,40.4562,-74.4432
Millville,NJ,39.4021,-75.0393
Milpitas,CA,37.4283,-121.9066
Milton Center,MA,42.2543,-71.0800
Milton Upper Mills,MA,42.2612,-71.0953
Milton Village,MA,42.2668,-71.0717
Milton,FL,30.6324,-87.0397
Milton,GA,34.1322,-84.3007
Milton,MA,42.2495,-71.0662
Milton,PA,41.0120,-76.8477
Milton,WA,47.2482,-122.3129
Milton,WI,42.7756,-88.9440
Milton-Freewater,OR,45.9326,-118.3877
Milwaukee,WI,43.0389,-87.9065
Milwaukie,OR,45.4462,-122.6393
Mims,FL,28.6653,-80.8448
Minden,LA,32.6154,-93.2868
Mineola,NY,40.7493,-73.6407
Mineral Wells,TX,32.8085,-98.1128
Minneapolis,MN,44.9800,-93.2638
Minnehaha,WA,45.6590,-122.6271
Minneola,FL,28.5744,-81.7462
Minnetonka Mills,MN,44.9411,-93.4419
Minnetonka,MN,44.9133,-93.5033
Minnetrista,MN,44.9383,-93.7177
Minooka,IL,41.4553,-88.2617
Minot Air Force Base,ND,48.4209,-101.3391
Minot,ND,48.2325,-101.2963
Mint Hill,NC,35.1796,-80.6473
Mira Monte,CA,34.4336,-119.2851
Miramar Beach,FL,30.3744,-86.3586
Miramar,FL,25.9873,-80.2323
Mishawaka,IN,41.6620,-86.1586
Mission Bend,TX,29.6938,-95.6650
Mission Hill,MA,42.3344,-71.1085
Mission Viejo,CA,33.6000,-117.6720
Mission,KS,39.0278,-94.6558
Mission,TX,26.2159,-98.3253
Missoula,MT,46.8721,-113.9940
Missouri City,TX,29.6186,-95.5377
Mitchell,SD,43.7094,-98.0298
Mitchellville,MD,38.9200,-76.8080
Moab,UT,38.5733,-109.5498
Moanalua,HI,21.3678,-157.8911
Moapa Valley,NV,36.5805,-114.4703
Moberly,MO,39.4184,-92.4382
Mobile,AL,30.6944,-88.0430
Mocksville,NC,35.8940,-80.5614
Modesto,CA,37.6391,-120.9969
Mokena,IL,41.5261,-87.8892
Molalla,OR,45.1473,-122.5770
Moline,IL,41.5067,-90.5151
Monaca,PA,40.6873,-80.2715
Monahans,TX,31.5943,-102.8927
Moncks Corner,SC,33.1963,-80.0143
Monee,IL,41.4200,-87.7417
Monessen,PA,40.1484,-79.8878
Monett,MO,36.9290,-93.9277
Monfort Heights,OH,39.1884,-84.5952
Monmouth,IL,40.9114,-90.6474
Monmouth,OR,44.8484,-123.2340
Monona,WI,43.0622,-89.3340
Monroe,GA,33.7948,-83.7132
Monroe,LA,32.5093,-92.1193
Monroe,MI,41.9164,-83.3977
Monroe,NC,34.9854,-80.5495
Monroe,NY,41.3306,-74.1868
Monroe,OH,39.4403,-84.3622
Monroe,WA,47.8554,-121.9710
Monroe,WI,42.6011,-89.6385
Monroeville,AL,31.5279,-87.3247
Monroeville,PA,40.4212,-79.7881
Monrovia,CA,34.1481,-117.9989
Monsey,NY,41.1112,-74.0685
Monson,MA,42.1043,-72.3190
Mont Belvieu,TX,29.8477,-94.8908
Montague,MA,42.5356,-72.5351
Montclair,CA,34.0775,-117.6898
Montclair,NJ,40.8259,-74.2090
Montclair,VA,38.6110,-77.3397
Montebello,CA,34.0095,-118.1054
Montecito,CA,34.4367,-119.6321
Monterey Park,CA,34.0625,-118.1228
Monterey,CA,36.6002,-121.8947
Montevallo,AL,33.1007,-86.8642
Montevideo,MN,44.9480,-95.7170
Montgomery Village,MD,39.1768,-77.1953
Montgomery,AL,32.3668,-86.3000
Montgomery,IL,41.7306,-88.3459
Montgomery,OH,39.2281,-84.3541
Montgomeryville,PA,40.2473,-75.2438
Monticello,AR,33.6290,-91.7910
Monticello,IL,40.0278,-88.5734
Monticello,IN,40.7453,-86.7647
Monticello,KY,36.8298,-84.8491
Monticello,MN,45.3055,-93.7941
Monticello,NY,41.6557,-74.6893
Montpelier,VT,44.2601,-72.5754
Montrose,CO,38.4783,-107.8762
Montrose,VA,37.5207,-77.3783
Montrose-Ghent,OH,41.1538,-81.6438
Montvale,NJ,41.0468,-74.0229
Montville Center,CT,41.4790,-72.1512
Monument,CO,39.0917,-104.8728
Moody,AL,33.5909,-86.4908
Moore,OK,35.3395,-97.4867
Moores Mill,AL,34.8440,-86.5183
Moorestown-Lenola,NJ,39.9659,-74.9644
Mooresville,IN,39.6128,-86.3742
Mooresville,NC,35.5849,-80.8101
Moorhead,MN,46.8739,-96.7695
Moorpark,CA,34.2856,-118.8820
Moosic,PA,41.3534,-75.7382
Moraga,CA,37.8349,-122.1297
Moraine,OH,39.7062,-84.2194
Morehead City,NC,34.7229,-76.7260
Morehead,KY,37.2711,-87.1764
Morehead,KY,38.1840,-83.4327
Moreno Valley,CA,33.9375,-117.2306
Morgan City,LA,29.6994,-91.2068
Morgan Hill,CA,37.1305,-121.6544
Morganton,NC,35.7454,-81.6848
Morgantown,WV,39.6295,-79.9559
Morganville,NJ,40.3765,-74.2443
Morrilton,AR,35.1509,-92.7441
Morris Plains,NJ,40.8218,-74.4810
Morris,IL,41.3573,-88.4212
Morris,MN,45.5861,-95.9139
Morristown,NJ,40.7968,-74.4815
Morristown,TN,36.2140,-83.2949
Morristown,VT,44.5573,-72.6237
Morrisville,NC,35.8235,-78.8256
Morrisville,PA,40.2115,-74.7879
Morro Bay,CA,35.3658,-120.8499
Morrow,GA,33.5832,-84.3394
Morton Grove,IL,42.0406,-87.7826
Morton,IL,40.6128,-89.4593
Moscow,ID,46.7324,-117.0002
Moses Lake,WA,47.1301,-119.2781
Moss Bluff,LA,30.3027,-93.1907
Moss Point,MS,30.4116,-88.5345
Moultonborough,NH,43.7548,-71.3967
Moultrie,GA,31.1799,-83.7891
Mound,MN,44.9366,-93.6661
Mounds View,MN,45.1050,-93.2086
Moundsville,WV,39.9203,-80.7431
Mount Airy,MD,39.3762,-77.1547
Mount Airy,NC,36.4993,-80.6073
Mount Arlington,NJ,40.9259,-74.6349
Mount Carmel,IL,38.4109,-87.7614
Mount Carmel,PA,40.7970,-76.4119
Mount Carmel,TN,35.4978,-88.0078
Mount Carmel,TN,36.5454,-82.6610
Mount Clemens,MI,42.5973,-82.8780
Mount Dora,FL,28.8025,-81.6445
Mount Healthy,OH,39.2337,-84.5458
Mount Holly,NC,35.2982,-81.0159
Mount Holly,NJ,39.9929,-74.7877
Mount Horeb,WI,43.0086,-89.7385
Mount Ivy,NY,41.1868,-74.0349
Mount Joy,PA,40.1098,-76.5033
Mount Juliet,TN,36.2000,-86.5186
Mount Kisco,NY,41.2043,-73.7271
Mount Laurel,NJ,39.9340,-74.8910
Mount Lebanon,PA,40.3554,-80.0495
Mount Olympus,UT,40.6855,-111.7885
Mount Pleasant,DC,38.9307,-77.0408
Mount Pleasant,IA,40.9636,-91.5579
Mount Pleasant,MI,43.5978,-84.7675
Mount Pleasant,SC,32.7941,-79.8626
Mount Pleasant,TX,33.1568,-94.9683
Mount Pleasant,WI,42.6974,-87.8558
Mount Prospect,IL,42.0664,-87.9373
Mount Rainier,MD,38.9415,-76.9650
Mount Sinai,NY,40.9470,-73.0296
Mount Sterling,KY,38.0565,-83.9433
Mount Vernon Triangle,DC,38.9023,-77.0169
Mount Vernon,IL,38.3173,-88.9031
Mount Vernon,IN,37.9323,-87.8950
Mount Vernon,IN,40.6695,-85.8242
Mount Vernon,NY,40.9126,-73.8371
Mount Vernon,OH,40.3934,-82.4857
Mount Vernon,VA,38.7141,-77.1008
Mount Vernon,WA,48.4212,-122.3341
Mount Vista,WA,45.7343,-122.6329
Mount Washington,KY,38.0501,-85.5458
Mount Zion,IL,39.7714,-88.8742
Mountain Brook,AL,33.5009,-86.7522
Mountain Home,AR,36.3353,-92.3852
Mountain Home,ID,43.1330,-115.6912
Mountain House,CA,37.7833,-121.5427
Mountain Park,GA,33.8443,-84.1294
Mountain Top,PA,41.1695,-75.8774
Mountain View,CA,37.3860,-122.0838
Mountainside,NJ,40.6723,-74.3574
Mountlake Terrace,WA,47.7882,-122.3087
Mukilteo,WA,47.9445,-122.3046
Mukwonago,WI,42.8667,-88.3334
Muleshoe,TX,34.2265,-102.7238
Mulvane,KS,37.4745,-97.2439
Muncie,IN,40.1934,-85.3864
Mundelein,IL,42.2631,-88.0040
Munford,TN,35.4492,-89.8151
Munhall,PA,40.3923,-79.9000
Munroe Falls,OH,41.1445,-81.4398
Munster,IN,41.5645,-87.5125
Murfreesboro,TN,35.8456,-86.3903
Murillo Colonia,TX,26.2565,-98.1133
Murphy,MO,38.4903,-90.4871
Murphy,TX,33.0151,-96.6131
Murphysboro,IL,37.7645,-89.3351
Murray,KY,36.6103,-88.3148
Murray,UT,40.6669,-111.8880
Murraysville,NC,34.2957,-77.8475
Murrells Inlet,SC,33.5510,-79.0414
Murrieta,CA,33.5539,-117.2139
Murrysville,PA,40.4284,-79.6976
Muscatine,IA,41.4245,-91.0432
Muscle Shoals,AL,34.7448,-87.6675
Muscoy,CA,34.1542,-117.3442
Muskego,WI,42.9059,-88.1390
Muskegon Heights,MI,43.2011,-86.2390
Muskegon,MI,43.2342,-86.2484
Muskogee,OK,35.7479,-95.3697
Mustang,OK,35.3842,-97.7245
Myers Corner,NY,41.6062,-73.8729
Myrtle Beach,SC,33.6891,-78.8867
Myrtle Grove,FL,30.4210,-87.3075
Myrtle Grove,NC,34.1346,-77.8816
Mystic Island,NJ,39.5443,-74.3824
Mākaha,HI,21.4663,-158.2104
Mākaha-Kaʻena,HI,21.4836,-158.2303
Mā‘ili,HI,21.4163,-158.1753
Nacogdoches,TX,31.6035,-94.6555
Nampa,ID,43.5407,-116.5635
Nanticoke,PA,41.2054,-76.0049
Nantucket,MA,41.2835,-70.0995
Nanuet,NY,41.0887,-74.0135
Napa,CA,38.2971,-122.2855
Naperville,IL,41.7859,-88.1473
Napili-Honokowai,HI,20.9753,-156.6783
Naples Manor,FL,26.0887,-81.7262
Naples Park,FL,26.2617,-81.8093
Naples,FL,26.1423,-81.7960
Napoleon,OH,41.3923,-84.1252
Nappanee,IN,41.4428,-86.0014
Naranja,FL,25.5182,-80.4228
Narragansett,RI,41.4501,-71.4495
Nashua,NH,42.7654,-71.4676
Nashville,NC,35.9746,-77.9655
Nashville,TN,36.1659,-86.7844
Nassau Village-Ratliff,FL,30.5111,-81.8093
Natchez,MS,31.5602,-91.4033
Natchitoches,LA,31.7607,-93.0863
Natick,MA,42.2834,-71.3495
National City,CA,32.6781,-117.0992
Natrona Heights,PA,40.6234,-79.7298
Naugatuck,CT,41.4859,-73.0507
Navarre,FL,30.4016,-86.8636
Navasota,TX,30.3880,-96.0877
Nazareth,PA,40.7404,-75.3096
Nebraska City,NE,40.6767,-95.8592
Nederland,TX,29.9744,-93.9924
Needham,MA,42.2834,-71.2328
Neenah,WI,44.1858,-88.4626
Nelsonville,OH,39.4587,-82.2318
Neosho,MO,36.8690,-94.3680
Nephi,UT,39.7102,-111.8363
Neptune Beach,FL,30.3119,-81.3965
Nesconset,NY,40.8520,-73.1540
Nevada,IA,42.0228,-93.4524
Nevada,MO,37.8392,-94.3547
New Albany,IN,38.2856,-85.8241
New Albany,MS,34.4943,-89.0078
New Albany,OH,40.0812,-82.8088
New Baltimore,MI,42.6811,-82.7369
New Baltimore,VA,38.7673,-77.7283
New Bedford,MA,41.6353,-70.9270
New Berlin,WI,42.9764,-88.1084
New Bern,NC,35.1085,-77.0441
New Braunfels,TX,29.7030,-98.1244
New Brighton,MN,45.0655,-93.2019
New Brighton,PA,40.7303,-80.3101
New Britain,CT,41.6612,-72.7795
New Brunswick,NJ,40.4862,-74.4518
New Burlington,OH,39.2595,-84.5572
New Canaan,CT,41.1468,-73.4948
New Caney,TX,30.1552,-95.2113
New Carlisle,OH,39.9362,-84.0255
New Carrollton,MD,38.9698,-76.8800
New Cassel,NY,40.7590,-73.5696
New Castle,DE,39.6595,-75.5636
New Castle,IN,39.9289,-85.3702
New Castle,PA,41.0037,-80.3470
New City,NY,41.1476,-73.9893
New Cumberland,PA,40.2323,-76.8847
New Fairfield,CT,41.4665,-73.4857
New Franklin,OH,40.9417,-81.5415
New Gloucester,ME,43.9629,-70.2826
New Haven,CT,41.3081,-72.9282
New Haven,IN,41.0706,-85.0144
New Haven,MI,43.0936,-84.1533
New Hempstead,NY,41.1498,-74.0337
New Holland,PA,40.1018,-76.0852
New Hope,MN,45.0380,-93.3866
New Hyde Park,NY,40.7351,-73.6879
New Iberia,LA,30.0035,-91.8187
New Ipswich,NH,42.7481,-71.8542
New Kensington,PA,40.5698,-79.7648
New Kingman-Butler,AZ,35.2650,-114.0323
New Lenox,IL,41.5120,-87.9656
New London,CT,41.3556,-72.0995
New London,WI,44.3928,-88.7398
New Martinsville,WV,39.6445,-80.8576
New Milford,CT,41.5770,-73.4085
New Milford,NJ,40.9351,-74.0190
New Orleans,LA,29.9547,-90.0751
New Paltz,NY,41.7476,-74.0868
New Philadelphia,OH,40.4898,-81.4457
New Port Richey East,FL,28.2603,-82.6926
New Port Richey,FL,28.2442,-82.7193
New Prague,MN,44.5433,-93.5761
New Providence,NJ,40.6984,-74.4015
New Richmond,WI,45.1230,-92.5366
New River,AZ,33.9159,-112.1360
New Rochelle,NY,40.9115,-73.7823
New Smyrna Beach,FL,29.0258,-80.9270
New Square,NY,41.1396,-74.0294
New Territory,TX,29.5941,-95.6808
New Ulm,MN,44.3125,-94.4605
New Whiteland,IN,39.5581,-86.0953
New Windsor,NY,41.4768,-74.0238
New York City,NY,40.7143,-74.0060
Newark,CA,37.5297,-122.0402
Newark,DE,39.6837,-75.7497
Newark,NJ,40.7357,-74.1724
Newark,NY,43.0467,-77.0952
Newark,OH,40.0581,-82.4013
Newberg,OR,45.3001,-122.9732
Newberry,FL,29.6464,-82.6065
Newberry,SC,34.2746,-81.6187
Newburg,KY,38.1601,-85.6597
Newburgh,NY,41.5034,-74.0104
Newburyport,MA,42.8126,-70.8773
Newcastle,OK,35.2473,-97.5998
Newcastle,WA,47.5390,-122.1557
Newington,CT,41.6979,-72.7237
Newington,VA,38.7385,-77.1850
Newman,CA,37.3138,-121.0208
Newmarket,NH,43.0829,-70.9351
Newnan,GA,33.3807,-84.7997
Newport Beach,CA,33.6189,-117.9290
Newport East,RI,41.5158,-71.2875
Newport News,VA,36.9804,-76.4297
Newport,AR,35.6048,-91.2818
Newport,KY,39.0915,-84.4958
Newport,OR,44.6368,-124.0534
Newport,RI,41.4901,-71.3128
Newport,TN,35.9670,-83.1877
Newton Corner,MA,42.3612,-71.1953
Newton Highlands,MA,42.3209,-71.1995
Newton Upper Falls,MA,42.3140,-71.2195
Newton,IA,41.6997,-93.0480
Newton,KS,38.0467,-97.3450
Newton,MA,42.3370,-71.2092
Newton,NC,35.6699,-81.2215
Newton,NJ,41.0581,-74.7527
Newtonville,MA,42.3501,-71.2037
Niagara Falls,NY,43.0945,-79.0567
Nibley,UT,41.6744,-111.8330
Niceville,FL,30.5169,-86.4822
Nicholasville,KY,37.8806,-84.5730
Niles,IL,42.0189,-87.8028
Niles,MI,41.8298,-86.2542
Niles,OH,41.1828,-80.7654
Nipomo,CA,35.0427,-120.4760
Nitro,WV,38.4148,-81.8440
Niu Valley,HI,21.2843,-157.7371
Nixa,MO,37.0434,-93.2943
NoMa,DC,38.9037,-77.0060
Noble,OK,35.1392,-97.3948
Noblesville,IN,40.0456,-86.0086
Nogales,AZ,31.3404,-110.9343
Nolensville,TN,35.9523,-86.6694
Nonantum,MA,42.3626,-71.2023
Norco,CA,33.9311,-117.5487
Norcross,GA,33.9412,-84.2135
Norfolk,MA,42.1195,-71.3251
Norfolk,NE,42.0283,-97.4170
Norfolk,VA,36.8468,-76.2852
Norland,FL,25.9490,-80.2123
Normal,IL,40.5142,-88.9906
Norman,OK,35.2226,-97.4395
Normandy Park,WA,47.4362,-122.3407
Norridge,IL,41.9634,-87.8273
Norristown,PA,40.1215,-75.3399
North Adams,MA,42.7009,-73.1087
North Amherst,MA,42.4104,-72.5309
North Amityville,NY,40.6976,-73.4251
North Andover,MA,42.6987,-71.1351
North Andrews Gardens,FL,26.1915,-80.1442
North Arlington,NJ,40.7884,-74.1332
North Attleborough Center,MA,41.9726,-71.3247
North Auburn,CA,38.9313,-121.0819
North Augusta,SC,33.5018,-81.9651
North Aurora,IL,41.8061,-88.3273
North Babylon,NY,40.7165,-73.3218
North Bath,ME,43.9348,-69.8159
North Bay Shore,NY,40.7530,-73.2602
North Bay Village,FL,25.8462,-80.1539
North Bellmore,NY,40.6915,-73.5335
North Bellport,NY,40.7743,-72.9429
North Bend,OR,43.4065,-124.2243
North Bend,WA,47.4957,-121.7868
North Bergen,NJ,40.8043,-74.0121
North Bethesda,MD,39.0446,-77.1189
North Branch,MN,45.5114,-92.9802
North Branford,CT,41.3276,-72.7673
North Brighton,MA,42.3584,-71.1384
North Brunswick,NJ,40.4540,-74.4820
North Caldwell,NJ,40.8648,-74.2582
North Canton,OH,40.8759,-81.4023
North Castle,NY,41.1400,-73.6839
North Charleston,SC,32.8546,-79.9748
North Chicago,IL,42.3256,-87.8412
North Chicopee,MA,42.1834,-72.5995
North College Hill,OH,39.2184,-84.5508
North Creek,WA,47.8195,-122.1762
North Decatur,GA,33.7904,-84.3060
North Druid Hills,GA,33.8168,-84.3133
North Elba,NY,44.2434,-73.9543
North Fond du Lac,WI,43.8114,-88.4834
North Fort Myers,FL,26.6673,-81.8801
North Gates,NY,43.1765,-77.7014
North Haledon,NJ,40.9551,-74.1860
North Haven,CT,41.3909,-72.8595
North Highlands,CA,38.6857,-121.3722
North Hills,NY,40.7809,-73.6765
North Kensington,MD,39.0390,-77.0710
North Kingstown,RI,41.5501,-71.4662
North La Crosse,WI,43.8464,-91.2482
North Las Vegas,NV,36.1989,-115.1175
North Lauderdale,FL,26.2173,-80.2259
North Liberty,IA,41.7492,-91.5979
North Lindenhurst,NY,40.7143,-73.3815
North Little Rock,AR,34.7695,-92.2671
North Logan,UT,41.7694,-111.8047
North Madison,IN,38.7678,-85.3966
North Madison,OH,41.8250,-81.0560
North Manchester,IN,41.0006,-85.7686
North Mankato,MN,44.1733,-94.0339
North Massapequa,NY,40.7009,-73.4621
North Merrick,NY,40.6912,-73.5632
North Miami Beach,FL,25.9332,-80.1625
North Miami,FL,25.8901,-80.1867
North Myrtle Beach,SC,33.8160,-78.6800
North New Hyde Park,NY,40.7432,-73.6932
North Ogden,UT,41.3072,-111.9602
North Olmsted,OH,41.4156,-81.9235
North Palm Beach,FL,26.8176,-80.0820
North Patchogue,NY,40.7870,-73.0090
North Peoria,IL,40.7175,-89.5843
North Plainfield,NJ,40.6301,-74.4274
North Platte,NE,41.1239,-100.7654
North Port,FL,27.0442,-82.2359
North Portland,OR,45.6104,-122.7034
North Potomac,MD,39.0829,-77.2650
North Providence,RI,41.8501,-71.4662
North Reading,MA,42.5751,-71.0787
North Richland Hills,TX,32.8343,-97.2289
North Ridgeville,OH,41.3895,-82.0190
North Riverside,IL,41.8428,-87.8231
North Royalton,OH,41.3137,-81.7246
North Saint Paul,MN,45.0125,-92.9919
North Salt Lake,UT,40.8486,-111.9069
North Sarasota,FL,27.3739,-82.5184
North Scituate,MA,42.2190,-70.7856
North Scituate,RI,41.8318,-71.5873
North Smithfield,RI,41.9668,-71.5495
North Springfield,VA,38.8043,-77.2047
North Stamford,CT,41.1382,-73.5435
North Star,DE,39.7612,-75.7191
North Syracuse,NY,43.1348,-76.1299
North Tonawanda,NY,43.0387,-78.8642
North Tustin,CA,33.7645,-117.7939
North Valley Stream,NY,40.6851,-73.7018
North Valley,NM,35.1734,-106.6234
North Vernon,IN,39.0062,-85.6236
North Versailles,PA,40.3798,-79.8095
North Wantagh,NY,40.6934,-73.5076
North Weeki Wachee,FL,28.5501,-82.5589
Northampton,MA,42.3251,-72.6412
Northampton,PA,40.6862,-75.4968
Northborough,MA,42.3195,-71.6412
Northbridge,MA,42.1515,-71.6495
Northbrook,IL,42.1275,-87.8290
Northbrook,OH,39.2465,-84.5836
Northdale,FL,28.0939,-82.5056
Northfield,IL,42.0998,-87.7809
Northfield,MN,44.4583,-93.1616
Northfield,NH,43.4331,-71.5923
Northfield,NJ,39.3704,-74.5502
Northfield,NJ,40.7743,-74.3246
Northgate,OH,39.2528,-84.5924
Northglenn,CO,39.8855,-104.9872
Northlake,IL,41.9173,-87.8956
Northport,AL,33.2290,-87.5772
Northport,NY,40.9009,-73.3432
Northridge,OH,39.8076,-84.1969
Northridge,OH,39.9917,-83.7785
Northumberland,NY,43.1273,-73.5882
Northview,MI,43.0456,-85.6006
Northville,MI,42.4312,-83.4833
Northwest Harborcreek,PA,42.1494,-79.9946
Northwest One,DC,38.9043,-77.0120
Northwood,OH,40.4728,-83.7324
Northwood,OH,41.6073,-83.4688
Norton Shores,MI,43.1689,-86.2639
Norton,MA,41.9668,-71.1870
Norton,OH,41.0292,-81.6382
Norwalk,CA,33.9022,-118.0817
Norwalk,CT,41.1176,-73.4079
Norwalk,IA,41.4755,-93.6788
Norwalk,OH,41.2426,-82.6157
Norwell,MA,42.1618,-70.7939
Norwich,CT,41.5243,-72.0759
Norwich,NY,42.5312,-75.5235
Norwood,MA,42.1945,-71.1995
Norwood,NJ,40.9982,-73.9618
Norwood,OH,39.1556,-84.4597
Norwood,PA,39.8918,-75.2996
Notre Dame,IN,41.7002,-86.2379
Novato,CA,38.1074,-122.5697
Novi,MI,42.4806,-83.4755
Nuevo,CA,33.8014,-117.1459
Nurillo,TX,26.2670,-98.1214
Nutley,NJ,40.8223,-74.1599
Nyack,NY,41.0906,-73.9179
Nānākuli,HI,21.3936,-158.1543
O'Fallon,IL,38.5923,-89.9112
O'Fallon,MO,38.8106,-90.6998
Oak Brook,IL,41.8328,-87.9290
Oak Creek,WI,42.8858,-87.8631
Oak Forest,IL,41.6028,-87.7439
Oak Grove,KY,36.6651,-87.4428
Oak Grove,KY,37.3442,-86.7547
Oak Grove,MN,45.3408,-93.3269
Oak Grove,MO,39.0050,-94.1294
Oak Grove,OR,45.4168,-122.6401
Oak Grove,SC,33.7782,-80.9668
Oak Grove,SC,33.9809,-81.1429
Oak Harbor,WA,48.2932,-122.6432
Oak Hill Park,MA,42.2945,-71.1856
Oak Hill,VA,38.9258,-77.4016
Oak Hill,WV,37.9723,-81.1487
Oak Hills Place,LA,30.3599,-91.0876
Oak Hills,CA,34.3831,-117.3813
Oak Hills,OR,45.5412,-122.8412
Oak Island,NC,33.9166,-78.1611
Oak Lawn,IL,41.7109,-87.7581
Oak Park,CA,34.1792,-118.7629
Oak Park,IL,41.8850,-87.7845
Oak Park,IN,38.3056,-85.6963
Oak Park,MI,42.4595,-83.1827
Oak Ridge,FL,28.4711,-81.4245
Oak Ridge,NC,36.1735,-79.9889
Oak Ridge,TN,36.0104,-84.2696
Oakbrook,KY,38.9998,-84.6852
Oakdale,CA,37.7666,-120.8471
Oakdale,LA,30.8160,-92.6604
Oakdale,MN,44.9630,-92.9649
Oakdale,NY,40.7440,-73.1387
Oakdale,NY,42.2512,-73.7801
Oakland Park,FL,26.1723,-80.1320
Oakland,CA,37.8044,-122.2708
Oakland,NJ,41.0132,-74.2643
Oakland,TN,35.2290,-89.5151
Oakleaf Plantation,FL,30.1708,-81.8355
Oakley,CA,37.9974,-121.7125
Oakmont,PA,40.5217,-79.8423
Oakton,VA,38.8809,-77.3008
Oakville,CT,41.5934,-73.0854
Oakville,MO,38.4701,-90.3046
Oakwood,OH,39.7253,-84.1741
Oasis,CA,33.4659,-116.0989
Oatfield,OR,45.4142,-122.6001
Oberlin,OH,41.2939,-82.2174
Ocala,FL,29.1872,-82.1401
Ocean Acres,NJ,39.7435,-74.2810
Ocean City,FL,30.4410,-86.6136
Ocean City,MD,38.3365,-75.0849
Ocean City,NJ,39.2776,-74.5746
Ocean Pines,MD,38.3954,-75.1557
Ocean Pointe,HI,21.3107,-158.0364
Ocean Shores,WA,46.9737,-124.1563
Ocean Springs,MS,30.4113,-88.8278
Oceano,CA,35.0989,-120.6124
Oceanport,NJ,40.3182,-74.0151
Oceanside,CA,33.1959,-117.3795
Oceanside,NY,40.6387,-73.6401
Ocoee,FL,28.5692,-81.5440
Oconomowoc,WI,43.1117,-88.4993
Odenton,MD,39.0840,-76.7002
Odessa,FL,28.1939,-82.5918
Odessa,MO,38.9992,-93.9536
Odessa,TX,31.8457,-102.3676
Oelwein,IA,42.6733,-91.9135
Ogden,NC,34.2724,-77.8186
Ogden,UT,41.2230,-111.9738
Ogdensburg,NY,44.6942,-75.4863
Oil City,PA,41.4340,-79.7064
Oildale,CA,35.4197,-119.0195
Ojai,CA,34.4481,-119.2429
Ojus,FL,25.9484,-80.1506
Okeechobee,FL,27.2439,-80.8298
Okemos,MI,42.7223,-84.4275
Oklahoma City,OK,35.4676,-97.5164
Okmulgee,OK,35.6234,-95.9605
Okolona,KY,38.1412,-85.6877
Olathe,KS,38.8814,-94.8191
Old Bethpage,NY,40.7626,-73.4532
Old Bridge,NJ,40.4148,-74.3654
Old Fig Garden,CA,36.7989,-119.8051
Old Forge,PA,41.3712,-75.7349
Old Greenwich,CT,41.0229,-73.5649
Old Jamestown,MO,38.8349,-90.2851
Old Jefferson,LA,30.3827,-91.0170
Old Orchard Beach,ME,43.5173,-70.3775
Old Saybrook,CT,41.2918,-72.3762
Old Tappan,NJ,41.0106,-73.9912
Old Town,ME,44.9342,-68.6453
Oldsmar,FL,28.0342,-82.6651
Olean,NY,42.0776,-78.4297
Olive Branch,MS,34.9618,-89.8295
Olivehurst,CA,39.0954,-121.5522
Olivette,MO,38.6653,-90.3760
Olmsted Falls,OH,41.3751,-81.9082
Olney,IL,38.7309,-88.0853
Olney,MD,39.1532,-77.0669
Olympia Heights,FL,25.7268,-80.3553
Olympia,WA,47.0449,-122.9017
Olyphant,PA,41.4684,-75.6030
Omaha,NE,41.2563,-95.9404
On Top of the World,FL,29.1152,-82.2913
Onalaska,WI,43.8844,-91.2351
Oneida,NY,43.0926,-75.6513
Oneonta,AL,33.9481,-86.4728
Oneonta,NY,42.4529,-75.0638
Ontario,CA,34.0633,-117.6509
Ontario,OH,40.7595,-82.5902
Ontario,OR,44.0266,-116.9629
Opa-locka,FL,25.9023,-80.2503
Opelika,AL,32.6454,-85.3783
Opelousas,LA,30.5335,-92.0815
Opp,AL,31.2827,-86.2555
Oquirrh,UT,40.6305,-112.0338
Oradell,NJ,40.9587,-74.0368
Orange Beach,AL,30.2944,-87.5736
Orange City,FL,28.9489,-81.2987
Orange City,IA,43.0072,-96.0584
Orange Cove,CA,36.6244,-119.3137
Orange Lake,NY,41.5398,-74.0982
Orange Park,FL,30.1661,-81.7065
Orange,CA,33.7878,-117.8531
Orange,CT,41.2784,-73.0257
Orange,NJ,40.7707,-74.2327
Orange,TX,30.0930,-93.7365
Orangeburg,SC,33.4918,-80.8556
Orangevale,CA,38.6785,-121.2258
Orchard Homes,MT,46.8633,-114.0484
Orchard Mesa,CO,39.0480,-108.5290
Orchards,WA,45.6665,-122.5609
Orcutt,CA,34.8653,-120.4360
Oregon City,OR,45.3573,-122.6068
Oregon,OH,41.6437,-83.4869
Oregon,WI,42.9261,-89.3846
Oreland,PA,40.1184,-75.1777
Orem,UT,40.2969,-111.6946
Orient Heights,MA,42.3876,-71.0037
Orinda,CA,37.8772,-122.1797
Orland Hills,IL,41.5853,-87.8431
Orland Park,IL,41.6303,-87.8539
Orland,CA,39.7474,-122.1964
Orlando,FL,28.5383,-81.3792
Orlovista,FL,28.5383,-81.4604
Ormond Beach,FL,29.2858,-81.0559
Ormond-by-the-Sea,FL,29.3491,-81.0665
Oro Valley,AZ,32.3909,-110.9665
Orono,ME,44.8831,-68.6720
Orono,MN,44.9714,-93.6044
Orosi,CA,36.5450,-119.2873
Oroville East,CA,39.5113,-121.4752
Oroville,CA,39.5139,-121.5578
Orrville,OH,40.8437,-81.7640
Orting,WA,47.0979,-122.2043
Osceola,AR,35.7051,-89.9695
Oshkosh,WI,44.0247,-88.5426
Oskaloosa,IA,41.2964,-92.6444
Osprey,FL,27.1962,-82.4904
Ossining,NY,41.1629,-73.8615
Oswego,IL,41.6828,-88.3515
Oswego,NY,43.4554,-76.5105
Othello,WA,46.8260,-119.1753
Otis Orchards-East Farms,WA,47.7099,-117.0798
Otis,IN,41.5992,-86.9059
Otsego,MN,45.2741,-93.5914
Ottawa,IL,41.3456,-88.8426
Ottawa,KS,38.6156,-95.2678
Ottumwa,IA,41.0200,-92.4113
Overland Park,KS,38.9822,-94.6708
Overland,MO,38.7012,-90.3623
Overlea,MD,39.3634,-76.5205
Oviedo,FL,28.6700,-81.2081
Owasso,OK,36.2695,-95.8547
Owatonna,MN,44.0838,-93.2260
Owensboro,KY,37.7742,-87.1133
Owings Mills,MD,39.4196,-76.7802
Owosso,MI,42.9978,-84.1766
Oxford,AL,33.6143,-85.8350
Oxford,CT,41.4340,-73.1168
Oxford,MA,42.1168,-71.8648
Oxford,MS,34.3665,-89.5192
Oxford,NC,36.3107,-78.5908
Oxford,OH,39.5070,-84.7452
Oxford,PA,39.7854,-75.9788
Oxnard,CA,34.1975,-119.1770
Oxon Hill,MD,38.8034,-76.9897
Oxon Hill-Glassmanor,MD,38.7961,-76.9750
Oyster Bay,NY,40.8657,-73.5321
Ozark,AL,31.4591,-85.6405
Ozark,MO,37.0209,-93.2060
Pace,FL,30.5994,-87.1611
Pacific Grove,CA,36.6177,-121.9166
Pacific Palisades,HI,21.4256,-157.9535
Pacific,MO,38.4820,-90.7415
Pacific,WA,47.2645,-122.2501
Pacifica,CA,37.6138,-122.4869
Paducah,KY,37.0834,-88.6000
Page,AZ,36.9147,-111.4558
Pahokee,FL,26.8201,-80.6653
Pahrump,NV,36.2083,-115.9839
Painesville,OH,41.7245,-81.2457
Palatine,IL,42.1103,-88.0342
Palatka,FL,29.6486,-81.6376
Palermo,CA,39.4354,-121.5380
Palestine,TX,31.7621,-95.6308
Palisades Park,NJ,40.8482,-73.9976
Palm Bay,FL,28.0345,-80.5887
Palm Beach Gardens,FL,26.8234,-80.1386
Palm Beach,FL,26.7056,-80.0364
Palm City,FL,27.1678,-80.2662
Palm Coast,FL,29.5850,-81.2078
Palm Desert,CA,33.7225,-116.3770
Palm Harbor,FL,28.0781,-82.7637
Palm River-Clair Mel,FL,27.9239,-82.3794
Palm Springs North,FL,25.9351,-80.3338
Palm Springs,CA,33.8303,-116.5453
Palm Springs,FL,26.6359,-80.0961
Palm Valley,FL,30.1775,-81.3876
Palmdale,CA,34.5794,-118.1165
Palmer,AK,61.5994,-149.1146
Palmer,MA,42.1584,-72.3287
Palmerton,PA,40.8014,-75.6119
Palmetto Bay,FL,25.6218,-80.3248
Palmetto Estates,FL,25.6215,-80.3620
Palmetto,FL,27.5214,-82.5723
Palmview South,TX,26.2156,-98.3786
Palmview,TX,26.2334,-98.3709
Palmyra,NJ,40.0071,-75.0282
Palmyra,PA,40.3090,-76.5933
Palo Alto,CA,37.4419,-122.1430
Palolo,HI,21.3128,-157.7804
Palos Heights,IL,41.6681,-87.7964
Palos Hills,IL,41.6967,-87.8170
Palos Verdes Estates,CA,33.8010,-118.3924
Pampa,TX,35.5362,-100.9599
Pana,IL,39.3889,-89.0801
Panama City Beach,FL,30.1766,-85.8055
Panama City,FL,30.1595,-85.6598
Panthersville,GA,33.7073,-84.2719
Paola,KS,38.5722,-94.8791
Paoli,PA,40.0421,-75.4763
Papillion,NE,41.1544,-96.0422
Paradise Valley,AZ,33.5311,-111.9427
Paradise,CA,39.7596,-121.6219
Paradise,NV,36.0972,-115.1467
Paragould,AR,36.0584,-90.4973
Paramount,CA,33.8895,-118.1598
Paramus,NJ,40.9445,-74.0754
Paris,IL,39.6112,-87.6961
Paris,KY,38.2098,-84.2530
Paris,ME,44.2598,-70.5006
Paris,TN,36.3020,-88.3267
Paris,TX,33.6609,-95.5555
Park City,IL,42.3484,-87.8842
Park City,KS,37.8000,-97.3184
Park City,UT,40.6461,-111.4980
Park Forest Village,PA,40.8067,-77.9169
Park Forest,IL,41.4914,-87.6745
Park Hills,MO,37.8542,-90.5182
Park Ridge,IL,42.0111,-87.8406
Park Ridge,NJ,41.0376,-74.0407
Park View,DC,38.9321,-77.0236
Parker,CO,39.5186,-104.7614
Parker,SC,34.8507,-82.4535
Parkersburg,WV,39.2667,-81.5615
Parkland,FL,26.3101,-80.2373
Parkland,WA,47.1554,-122.4340
Parkville,MD,39.3773,-76.5397
Parkville,MO,39.1950,-94.6822
Parkville,PA,39.7812,-76.9633
Parkway,CA,38.4960,-121.4588
Parkwood,WA,47.5331,-122.6101
Parlier,CA,36.6116,-119.5271
Parma Heights,OH,41.3901,-81.7596
Parma,OH,41.4048,-81.7229
Parole,MD,38.9810,-76.5450
Parsippany,NJ,40.8579,-74.4260
Parsons,KS,37.3403,-95.2611
Pasadena Hills,FL,28.2800,-82.2244
Pasadena,CA,34.1478,-118.1445
Pasadena,MD,39.1190,-76.5711
Pasadena,TX,29.6911,-95.2091
Pascagoula,MS,30.3658,-88.5561
Pasco,WA,46.2396,-119.1006
Paso Robles,CA,35.6266,-120.6910
Pass Christian,MS,30.3158,-89.2475
Passaic,NJ,40.8568,-74.1285
Pataskala,OH,39.9956,-82.6743
Patchogue,NY,40.7657,-73.0151
Paterson,NJ,40.9168,-74.1718
Patterson,CA,37.4716,-121.1297
Patterson,LA,29.6933,-91.3020
Paulden,AZ,34.8856,-112.4682
Pauls Valley,OK,34.7401,-97.2223
Paulsboro,NJ,39.8304,-75.2405
Pauoa,HI,21.3208,-157.8384
Pawcatuck,CT,41.3773,-71.8337
Pawtucket,RI,41.8787,-71.3826
Paxtonia,PA,40.3173,-76.7944
Payette,ID,44.0782,-116.9338
Payson,AZ,34.2309,-111.3251
Payson,UT,40.0444,-111.7322
Pea Ridge,AR,36.4540,-94.1152
Pea Ridge,WV,38.4140,-82.3199
Peabody,MA,42.5279,-70.9287
Peachtree City,GA,33.3968,-84.5958
Peachtree Corners,GA,33.9701,-84.2216
Pearl City,HI,21.3973,-157.9752
Pearl River,NY,41.0590,-74.0218
Pearl,MS,32.2746,-90.1320
Pearland,TX,29.5636,-95.2861
Pearsall,TX,28.8922,-99.0950
Pebble Creek,FL,28.1484,-82.3457
Pecan Grove,TX,29.6261,-95.7316
Pecan Plantation,TX,32.3604,-97.6756
Pecos,TX,31.4229,-103.4932
Pedley,CA,33.9753,-117.4759
Peekskill,NY,41.2901,-73.9204
Pekin,IL,40.5675,-89.6407
Pelham Manor,NY,40.8954,-73.8071
Pelham,AL,33.2857,-86.8100
Pelham,NH,42.7345,-71.3245
Pelham,NY,40.9098,-73.8079
Pelican Bay,FL,26.2312,-81.8056
Pell City,AL,33.5862,-86.2861
Pella,IA,41.4081,-92.9163
Pembroke Park,FL,25.9879,-80.1748
Pembroke Pines,FL,26.0032,-80.2239
Pembroke,NH,43.1467,-71.4576
Pendleton,OR,45.6721,-118.7886
Penn Wynne,PA,39.9862,-75.2755
Penn Yan,NY,42.6609,-77.0539
Pennsauken,NJ,39.9562,-75.0580
Pennsville,NJ,39.6534,-75.5166
Pennsylvania Avenue SE,DC,38.8682,-76.9580
Pensacola,FL,30.4213,-87.2169
Peoria Heights,IL,40.7473,-89.5740
Peoria,AZ,33.5806,-112.2374
Peoria,IL,40.6936,-89.5890
Pepper Pike,OH,41.4784,-81.4637
Perezville,TX,26.2245,-98.4006
Perkasie,PA,40.3721,-75.2927
Perris,CA,33.7825,-117.2287
Perry Hall,MD,39.4126,-76.4636
Perry Heights,OH,40.7953,-81.4734
Perry,FL,30.1177,-83.5827
Perry,GA,32.4582,-83.7316
Perry,IA,41.8386,-94.1072
Perry,OK,36.2895,-97.2881
Perrysburg,OH,41.5570,-83.6272
Perryton,TX,36.4000,-100.8026
Perryville,MO,37.7242,-89.8612
Perth Amboy,NJ,40.5068,-74.2654
Peru,IL,41.3275,-89.1290
Peru,IN,40.7537,-86.0689
Petal,MS,31.3466,-89.2601
Petaluma,CA,38.2324,-122.6367
Petersburg,VA,37.2279,-77.4019
Petoskey,MI,45.3733,-84.9553
Petworth,DC,38.9459,-77.0250
Pevely,MO,38.2834,-90.3951
Pewaukee,WI,43.0806,-88.2612
Pflugerville,TX,30.4394,-97.6200
Pharr,TX,26.1948,-98.1836
Phelan,CA,34.4261,-117.5723
Phenix City,AL,32.4710,-85.0008
Philadelphia,MS,32.7715,-89.1167
Philadelphia,PA,39.9524,-75.1636
Phillipsburg,NJ,40.6937,-75.1902
Phoenix,AZ,33.4484,-112.0740
Phoenixville,PA,40.1304,-75.5149
Picayune,MS,30.5256,-89.6779
Pickerington,OH,39.8842,-82.7535
Picnic Point,WA,47.8811,-122.3284
Picnic Point-North Lynnwood,WA,47.8628,-122.2950
Pico Rivera,CA,33.9831,-118.0967
Picture Rocks,AZ,32.3459,-111.2462
Piedmont,CA,37.8244,-122.2316
Piedmont,OK,35.6420,-97.7464
Piedmont,SC,34.7023,-82.4646
Pierre,SD,44.3683,-100.3510
Pigeon Forge,TN,35.7884,-83.5543
Pike Creek Valley,DE,39.7362,-75.6983
Pike Creek,DE,39.7309,-75.7041
Pike Road,AL,32.2843,-86.1030
Pikesville,MD,39.3743,-76.7225
Pikeville,KY,37.4793,-82.5188
Pimmit Hills,VA,38.9129,-77.2008
Pinckneyville,IL,38.0803,-89.3820
Pine Bluff,AR,34.2284,-92.0032
Pine Castle,FL,28.4719,-81.3679
Pine Hill,NJ,39.7843,-74.9921
Pine Hills,FL,28.5578,-81.4534
Pine Island Ridge,FL,26.0948,-80.2739
Pine Lake Park,NJ,40.0032,-74.2565
Pine Ridge,FL,28.9383,-82.4734
Pinecrest,FL,25.6670,-80.3081
Pinehurst,MA,42.5293,-71.2281
Pinehurst,NC,35.1954,-79.4695
Pinellas Park,FL,27.8428,-82.6995
Pineville,LA,31.3224,-92.4343
Pineville,NC,35.0832,-80.8923
Pinewood,FL,25.8690,-80.2170
Piney Green,NC,34.7160,-77.3202
Pingree Grove,IL,42.0686,-88.4134
Pinole,CA,38.0044,-122.2989
Pinson,AL,33.6890,-86.6833
Piqua,OH,40.1448,-84.2424
Piscataway,NJ,40.4993,-74.3990
Pismo Beach,CA,35.1427,-120.6413
Pitman,NJ,39.7329,-75.1316
Pittsburg,CA,38.0280,-121.8847
Pittsburg,KS,37.4109,-94.7050
Pittsburgh,PA,40.4406,-79.9959
Pittsfield,MA,42.4501,-73.2454
Pittston,PA,41.3259,-75.7894
Piñon Hills,CA,34.4333,-117.6467
Placentia,CA,33.8722,-117.8703
Placerville,CA,38.7296,-120.7986
Plain City,UT,41.2980,-112.0861
Plainedge,NY,40.7173,-73.4837
Plainfield,CT,41.6765,-71.9151
Plainfield,IL,41.6270,-88.2040
Plainfield,IN,39.7042,-86.3994
Plainfield,NJ,40.6337,-74.4074
Plainview,NY,40.7765,-73.4673
Plainview,TX,34.1848,-101.7068
Plainville,CT,41.6745,-72.8582
Plainville,MA,42.0043,-71.3328
Plaistow,NH,42.8365,-71.0948
Plano,IL,41.6628,-88.5370
Plano,TX,33.0198,-96.6989
Plant City,FL,28.0189,-82.1147
Plantation,FL,26.1342,-80.2318
Plaquemine,LA,30.2901,-91.2350
Platteville,WI,42.7342,-90.4785
Plattsburgh,NY,44.6995,-73.4529
Plattsmouth,NE,41.0114,-95.8822
Pleasant Grove,AL,33.4909,-86.9703
Pleasant Grove,UT,40.3641,-111.7385
Pleasant Hill,CA,37.9480,-122.0608
Pleasant Hill,IA,41.5839,-93.5199
Pleasant Hill,MO,38.7875,-94.2694
Pleasant Hills,PA,40.3356,-79.9606
Pleasant Plains,DC,38.9270,-77.0230
Pleasant Prairie,WI,42.5531,-87.9334
Pleasant View,UT,41.3183,-111.9922
Pleasanton,CA,37.6624,-121.8747
Pleasanton,TX,28.9672,-98.4786
Pleasantville,NJ,39.3898,-74.5240
Pleasantville,NY,41.1329,-73.7926
Plover,WI,44.4564,-89.5440
Plum,PA,40.5003,-79.7495
Plumas Lake,CA,39.0207,-121.5580
Plymouth Meeting,PA,40.1023,-75.2743
Plymouth,CT,41.6720,-73.0529
Plymouth,IN,41.3437,-86.3097
Plymouth,MA,41.9584,-70.6673
Plymouth,MI,42.3714,-83.4702
Plymouth,MN,45.0105,-93.4555
Plymouth,PA,41.2404,-75.9446
Plymouth,WI,43.7486,-87.9770
Pocahontas,AR,36.2615,-90.9712
Pocatello,ID,42.8713,-112.4455
Poinciana,FL,28.1403,-81.4584
Point Pleasant,NJ,40.0832,-74.0682
Poland,ME,44.0606,-70.3937
Pollock Pines,CA,38.7616,-120.5861
Pomona,CA,34.0553,-117.7523
Pomona,NJ,39.4785,-74.5752
Pompano Beach Highlands,FL,26.2829,-80.1070
Pompano Beach,FL,26.2379,-80.1248
Pompton Lakes,NJ,41.0054,-74.2907
Ponca City,OK,36.7070,-97.0856
Ponchatoula,LA,30.4388,-90.4415
Ponte Vedra Beach,FL,30.2397,-81.3856
Pontiac,IL,40.8809,-88.6298
Pontiac,MI,42.6389,-83.2910
Pontoon Beach,IL,38.7317,-90.0804
Pontotoc,MS,34.2479,-88.9987
Pooler,GA,32.1155,-81.2471
Poolesville,MD,39.1459,-77.4169
Pope Air Force Base (historical),NC,35.1713,-79.0104
Poplar Bluff,MO,36.7570,-90.3929
Poplar Grove,IL,42.3683,-88.8221
Poquoson,VA,37.1224,-76.3458
Port Allen,LA,30.4521,-91.2101
Port Angeles,WA,48.1181,-123.4307
Port Arthur,TX,29.8852,-93.9423
Port Charlotte,FL,26.9762,-82.0906
Port Chester,NY,41.0018,-73.6657
Port Clinton,OH,41.5120,-82.9377
Port Hueneme,CA,34.1478,-119.1951
Port Huron,MI,42.9709,-82.4249
Port Isabel,TX,26.0734,-97.2086
Port Jefferson Station,NY,40.9254,-73.0473
Port Jefferson,NY,40.9465,-73.0693
Port Jervis,NY,41.3751,-74.6927
Port Lavaca,TX,28.6150,-96.6261
Port Neches,TX,29.9913,-93.9585
Port Orange,FL,29.1383,-80.9956
Port Orchard,WA,47.5404,-122.6363
Port Royal,SC,32.3790,-80.6927
Port Saint John,FL,28.4769,-80.7887
Port Saint Lucie,FL,27.2939,-80.3503
Port Salerno,FL,27.1442,-80.2006
Port Townsend,WA,48.1174,-122.7607
Port Washington,NY,40.8257,-73.6982
Port Washington,WI,43.3872,-87.8756
Port Wentworth,GA,32.1491,-81.1632
Portage Lakes,OH,41.0073,-81.5271
Portage,IN,41.5759,-87.1762
Portage,MI,42.2011,-85.5800
Portage,WI,43.5391,-89.4626
Portales,NM,34.1862,-103.3344
Porterville,CA,36.0652,-119.0168
Portland,CT,41.5729,-72.6406
Portland,IN,40.4345,-84.9778
Portland,ME,43.6574,-70.2589
Portland,OR,45.5234,-122.6762
Portland,TN,36.5817,-86.5164
Portland,TX,27.8773,-97.3239
Portsmouth Heights,VA,36.8210,-76.3688
Portsmouth,NH,43.0770,-70.7577
Portsmouth,OH,38.7317,-82.9977
Portsmouth,RI,41.6023,-71.2503
Portsmouth,VA,36.8354,-76.2983
Posen,IL,41.6317,-87.6814
Post Falls,ID,47.7180,-116.9516
Post,TX,33.1912,-101.3790
Poteau,OK,35.0537,-94.6236
Potomac Mills,VA,38.6459,-77.2942
Potomac,MD,39.0182,-77.2086
Potsdam,NY,44.6698,-74.9813
Pottstown,PA,40.2454,-75.6496
Pottsville,PA,40.6857,-76.1955
Poughkeepsie,NY,41.7004,-73.9210
Poulsbo,WA,47.7359,-122.6465
Pound Ridge,NY,41.2087,-73.5748
Poway,CA,32.9628,-117.0359
Powder Springs,GA,33.8595,-84.6838
Powdersville,SC,34.7918,-82.4929
Powell,OH,40.1578,-83.0752
Powell,WY,44.7538,-108.7574
Prairie Grove,AR,35.9759,-94.3177
Prairie Ridge,WA,47.1376,-122.1487
Prairie View,TX,30.0933,-95.9877
Prairie Village,KS,38.9917,-94.6336
Prairie du Chien,WI,43.0517,-91.1412
Prairieville,LA,30.3030,-90.9720
Pratt,KS,37.6439,-98.7376
Prattville,AL,32.4640,-86.4597
Prescott Valley,AZ,34.6100,-112.3157
Prescott,AZ,34.5400,-112.4685
Presque Isle,ME,46.6812,-68.0159
Preston,ID,42.0963,-111.8766
Price,UT,39.5994,-110.8107
Prichard,AL,30.7388,-88.0789
Prien,LA,30.1819,-93.2738
Princeton Meadows,NJ,40.3318,-74.5638
Princeton,FL,25.5384,-80.4089
Princeton,IL,41.3681,-89.4648
Princeton,IN,38.3553,-87.5675
Princeton,KY,37.1092,-87.8820
Princeton,NJ,40.3487,-74.6590
Princeton,TX,33.1801,-96.4980
Princeton,WV,37.3662,-81.1026
Prineville,OR,44.2998,-120.8345
Prior Lake,MN,44.7133,-93.4227
Progreso,TX,26.0923,-97.9572
Progress Village,FL,27.9003,-82.3645
Progress,PA,40.2851,-76.8314
Prospect Heights,IL,42.0953,-87.9376
Prospect Park,NJ,40.2404,-74.7663
Prospect Park,NJ,40.9370,-74.1743
Prospect Park,PA,39.8879,-75.3082
Prospect,CT,41.5023,-72.9787
Prosper,TX,33.2362,-96.8011
Prosser,WA,46.2068,-119.7689
Providence,RI,41.8240,-71.4128
Providence,UT,41.7063,-111.8172
Provo,UT,40.2338,-111.6585
Prunedale,CA,36.7758,-121.6697
Pryor Creek,OK,36.3086,-95.3178
Pryor,OK,36.3084,-95.3169
Pueblo West,CO,38.3500,-104.7228
Pueblo,CO,38.2544,-104.6091
Pukalani,HI,20.8367,-156.3367
Pulaski,TN,35.1998,-87.0308
Pulaski,VA,37.0479,-80.7798
Pullman,WA,46.7313,-117.1796
Pumphrey,MD,39.2173,-76.6372
Punahou,HI,21.3002,-157.8270
Punta Gorda Isles,FL,26.9176,-82.0784
Punta Gorda,FL,26.9298,-82.0454
Punxsutawney,PA,40.9437,-78.9709
Pupukea,HI,21.6546,-158.0607
Purcell,OK,35.0137,-97.3611
Purcellville,VA,39.1368,-77.7147
Putnam,CT,41.9151,-71.9090
Puyallup,WA,47.1854,-122.2929
Quakertown,PA,40.4418,-75.3416
Quartz Hill,CA,34.6453,-118.2181
Queen Creek,AZ,33.2487,-111.6343
Queens,NY,40.6815,-73.8365
Queensbury,NY,43.3773,-73.6132
Quincy,FL,30.5871,-84.5833
Quincy,IL,39.9356,-91.4099
Quincy,MA,42.2529,-71.0023
Quincy,WA,47.2343,-119.8525
Raceland,LA,29.7274,-90.5990
Racine,WI,42.7261,-87.7828
Radcliff,KY,37.8404,-85.9491
Radford,VA,37.1318,-80.5764
Radnor,PA,40.0462,-75.3599
Rahway,NJ,40.6082,-74.2776
Rainbow City,AL,33.9548,-86.0419
Rainsville,AL,34.4943,-85.8478
Raleigh Hills,OR,45.4807,-122.7620
Raleigh,NC,35.7721,-78.6386
Ralston,NE,41.2053,-96.0425
Ramblewood,NJ,39.9287,-74.9438
Ramona,CA,33.0417,-116.8681
Ramsey,MN,45.2611,-93.4500
Ramsey,NJ,41.0573,-74.1410
Ramtown,NJ,40.1210,-74.1437
Ranchettes,WY,41.2186,-104.7903
Rancho Cordova,CA,38.5891,-121.3027
Rancho Cucamonga,CA,34.1064,-117.5931
Rancho Mirage,CA,33.7397,-116.4128
Rancho Murieta,CA,38.5018,-121.0947
Rancho Palos Verdes,CA,33.7445,-118.3870
Rancho San Diego,CA,32.7473,-116.9353
Rancho Santa Margarita,CA,33.6409,-117.6031
Randallstown,MD,39.3673,-76.7952
Randolph,MA,42.1626,-71.0412
Randolph,NJ,40.8483,-74.5815
Rantoul,IL,40.3084,-88.1559
Rapid City,SD,44.0805,-103.2310
Rapid Valley,SD,44.0625,-103.1463
Raritan,NJ,40.5695,-74.6329
Rathdrum,ID,47.8124,-116.8966
Raton,NM,36.9034,-104.4391
Ravenna,OH,41.1576,-81.2421
Rawlins,WY,41.7911,-107.2387
Raymondville,TX,26.4815,-97.7831
Raymore,MO,38.8019,-94.4527
Rayne,LA,30.2349,-92.2685
Raynham,MA,41.9487,-71.0731
Raytown,MO,39.0086,-94.4636
Reading,MA,42.5256,-71.0953
Reading,OH,39.2237,-84.4422
Reading,PA,40.3357,-75.9269
Readville,MA,42.2404,-71.1370
Red Bank,NJ,40.3471,-74.0643
Red Bank,SC,33.9321,-81.2384
Red Bank,TN,35.1123,-85.2941
Red Bluff,CA,40.1785,-122.2358
Red Chute,LA,32.5560,-93.6132
Red Hill,SC,33.8207,-79.0189
Red Hill,SC,33.9996,-79.2581
Red Lion,PA,39.9009,-76.6058
Red Lion,PA,40.4806,-75.6160
Red Oak,IA,41.0097,-95.2255
Red Oak,TX,32.5176,-96.8044
Red Wing,MN,44.5625,-92.5338
Redan,GA,33.7454,-84.1316
Redding,CA,40.5865,-122.3917
Redford,MI,42.3834,-83.2966
Redlands,CA,34.0556,-117.1825
Redlands,CO,39.0789,-108.6356
Redmond,OR,44.2726,-121.1739
Redmond,WA,47.6740,-122.1215
Redondo Beach,CA,33.8492,-118.3884
Redwood City,CA,37.4852,-122.2364
Redwood Falls,MN,44.5394,-95.1169
Reedley,CA,36.5963,-119.4504
Reedsburg,WI,43.5325,-90.0026
Rehoboth,MA,41.8404,-71.2495
Reidsville,NC,36.3549,-79.6645
Reisterstown,MD,39.4698,-76.8319
Rendon,TX,32.5763,-97.2414
Reno,NV,39.5296,-119.8138
Rensselaer,IN,40.9367,-87.1509
Rensselaer,NY,42.6426,-73.7429
Renton,WA,47.4829,-122.2171
Republic,MO,37.1200,-93.4802
Reserve,LA,30.0538,-90.5517
Reservoir,MA,42.3348,-71.1484
Reston,VA,38.9687,-77.3411
Revere,MA,42.4084,-71.0120
Rexburg,ID,43.8260,-111.7897
Reynoldsburg,OH,39.9548,-82.8121
Rhinelander,WI,45.6366,-89.4121
Rialto,CA,34.1064,-117.3703
Rib Mountain,WI,44.9128,-89.6754
Rice Lake,WI,45.5061,-91.7382
Richardson,TX,32.9482,-96.7297
Richboro,PA,40.2151,-75.0107
Richfield,MN,44.8833,-93.2830
Richfield,UT,38.7725,-112.0841
Richfield,WI,43.2561,-88.1940
Richland Center,WI,43.3347,-90.3868
Richland Hills,TX,32.8160,-97.2281
Richland,MS,32.2390,-90.1584
Richland,NY,43.5695,-76.0477
Richland,WA,46.2857,-119.2845
Richlands,VA,37.0932,-81.7937
Richmond Heights,FL,25.6315,-80.3689
Richmond Heights,MO,38.6287,-90.3196
Richmond Heights,OH,41.5528,-81.5101
Richmond Hill,GA,31.9383,-81.3034
Richmond West,FL,25.6105,-80.4297
Richmond,CA,37.9358,-122.3478
Richmond,IN,39.8289,-84.8902
Richmond,KY,37.7479,-84.2947
Richmond,MI,42.8092,-82.7558
Richmond,MO,39.2786,-93.9769
Richmond,TX,29.5822,-95.7608
Richmond,VA,37.5538,-77.4603
Richton Park,IL,41.4845,-87.7034
Ridge,NY,40.8940,-72.8959
Ridgecrest,CA,35.6225,-117.6709
Ridgefield Park,NJ,40.8570,-74.0215
Ridgefield,CT,41.2815,-73.4982
Ridgefield,NJ,40.8343,-74.0088
Ridgefield,WA,45.8151,-122.7426
Ridgeland,MS,32.4285,-90.1323
Ridgewood,NJ,40.9793,-74.1165
Ridley Park,PA,39.8812,-75.3238
Rifle,CO,39.5347,-107.7831
Riggs Park,DC,38.9543,-76.9941
Rincon,GA,32.2960,-81.2354
Rindge,NH,42.7512,-72.0098
Ringwood,NJ,41.1134,-74.2454
Rio Del Mar,CA,36.9683,-121.9002
Rio Grande City,TX,26.3798,-98.8203
Rio Linda,CA,38.6910,-121.4486
Rio Rancho,NM,35.2334,-106.6645
Rio Rico,AZ,31.4715,-110.9765
Rio Vista,CA,38.1639,-121.6958
Ripley,MS,34.7298,-88.9506
Ripley,TN,35.7454,-89.5298
Ripon,CA,37.7416,-121.1244
Ripon,WI,43.8422,-88.8359
Rittman,OH,40.9781,-81.7821
River Edge,NJ,40.9287,-74.0399
River Falls,WI,44.8614,-92.6238
River Forest,IL,41.8978,-87.8140
River Grove,IL,41.9259,-87.8359
River Oaks,TX,32.7771,-97.3945
River Park,FL,27.3142,-80.3473
River Ridge,LA,29.9602,-90.2156
River Rouge,MI,42.2734,-83.1344
River Vale,NJ,40.9954,-74.0121
Riverbank,CA,37.7360,-120.9355
Riverdale Park,MD,38.9634,-76.9316
Riverdale,GA,33.5726,-84.4133
Riverdale,IL,41.6334,-87.6331
Riverdale,UT,41.1769,-112.0038
Riverhead,NY,40.9170,-72.6620
Riverside,CA,33.9534,-117.3962
Riverside,CT,41.0337,-73.5782
Riverside,IL,41.8350,-87.8228
Riverside,MD,39.1734,-76.8852
Riverside,MD,39.4737,-76.2413
Riverside,OH,39.7798,-84.1241
Riverton,UT,40.5219,-111.9391
Riverton,WA,47.4843,-122.2946
Riverton,WY,43.0250,-108.3801
Riverview,FL,27.8661,-82.3265
Riverview,MI,42.1742,-83.1794
Riviera Beach,FL,26.7753,-80.0581
Riviera Beach,MD,39.1668,-76.5080
Roanoke Rapids,NC,36.4615,-77.6542
Roanoke,AL,33.1512,-85.3722
Roanoke,TX,33.0040,-97.2258
Roanoke,VA,37.2710,-79.9414
Robbins,IL,41.6439,-87.7037
Robbinsdale,MN,45.0322,-93.3386
Robertsdale,AL,30.5538,-87.7119
Robertsville,NJ,40.3462,-74.2879
Robinson,IL,39.0053,-87.7392
Robinson,TX,31.4677,-97.1147
Robinwood,MD,38.9543,-76.5147
Robinwood,MD,39.6370,-77.6569
Robstown,TX,27.7903,-97.6689
Rochelle Park,NJ,40.9073,-74.0751
Rochelle,IL,41.9239,-89.0687
Rochester Hills,MI,42.6584,-83.1499
Rochester,IN,41.0648,-86.2158
Rochester,MI,42.6806,-83.1338
Rochester,MN,44.0216,-92.4699
Rochester,NH,43.3045,-70.9756
Rochester,NY,43.1548,-77.6156
Rock Falls,IL,41.7797,-89.6890
Rock Hill,SC,34.9249,-81.0251
Rock Island,IL,41.5095,-90.5787
Rock Springs,WY,41.5875,-109.2029
Rockaway,NJ,40.9012,-74.5143
Rockcreek,OR,45.5501,-122.8770
Rockdale,TX,30.6555,-97.0014
Rockford,IL,42.2711,-89.0940
Rockford,MI,43.1200,-85.5600
Rockingham,NC,34.9393,-79.7739
Rockingham,VT,43.1876,-72.4890
Rockland,MA,42.1307,-70.9162
Rockland,ME,44.1037,-69.1089
Rockledge,FL,28.3508,-80.7253
Rocklin,CA,38.7907,-121.2358
Rockport,TX,28.0208,-97.0560
Rockton,IL,42.4525,-89.0723
Rockville Centre,NY,40.6587,-73.6412
Rockville,CT,41.8668,-72.4495
Rockville,MD,39.0840,-77.1528
Rockwall,TX,32.9312,-96.4597
Rockwood,TN,35.8656,-84.6849
Rocky Mount,NC,35.9382,-77.7905
Rocky Point,NY,40.9526,-72.9254
Rocky River,OH,41.4756,-81.8393
Rodeo,CA,38.0330,-122.2669
Roeland Park,KS,39.0375,-94.6322
Roessleville,NY,42.6951,-73.8071
Rogers,AR,36.3320,-94.1185
Rogers,MN,45.1889,-93.5530
Rohnert Park,CA,38.3396,-122.7011
Rolesville,NC,35.9232,-78.4575
Rolla,MO,37.9514,-91.7713
Rolling Hills Estates,CA,33.7878,-118.3581
Rolling Meadows,IL,42.0842,-88.0131
Roma,TX,26.4053,-99.0158
Roma-Los Saenz,TX,26.4051,-99.0159
Rome,GA,34.2570,-85.1647
Rome,NY,43.2129,-75.4557
Romeoville,IL,41.6475,-88.0895
Romulus,MI,42.2223,-83.3966
Ronkonkoma,NY,40.8210,-73.1430
Roosevelt,NY,40.6787,-73.5890
Roosevelt,UT,40.2994,-109.9888
Rosamond,CA,34.8641,-118.1634
Rosaryville,MD,38.7568,-76.8097
Roscoe,IL,42.4134,-89.0093
Rose Hill,VA,38.7887,-77.1128
Roseburg North,OR,43.2690,-123.3510
Roseburg,OR,43.2165,-123.3417
Rosedale,CA,35.3836,-119.1454
Rosedale,MD,39.3201,-76.5155
Roseland,NJ,40.8207,-74.2938
Roselle Park,NJ,40.6645,-74.2643
Roselle,IL,41.9847,-88.0798
Roselle,NJ,40.6522,-74.2588
Rosemead,CA,34.0806,-118.0729
Rosemont,CA,38.5519,-121.3647
Rosemount,MN,44.7394,-93.1258
Rosenberg,TX,29.5572,-95.8086
Roseville,CA,38.7521,-121.2880
Roseville,MI,42.4973,-82.9371
Roseville,MN,45.0061,-93.1566
Roslindale,MA,42.2912,-71.1245
Roslyn Heights,NY,40.7887,-73.6474
Rossford,OH,41.6098,-83.5644
Rosslyn,VA,38.8968,-77.0725
Rossmoor,CA,33.7856,-118.0851
Rossmoor,MD,39.1037,-77.0711
Rossville,MD,39.3384,-76.4797
Roswell,GA,34.0232,-84.3616
Roswell,NM,33.3944,-104.5249
Rothschild,WI,44.8872,-89.6201
Rotonda West,FL,26.8837,-82.2901
Rotterdam,NY,42.7870,-73.9710
Round Lake Beach,IL,42.3717,-88.0901
Round Lake Park,IL,42.3570,-88.0768
Round Lake,IL,42.3534,-88.0934
Round Rock,TX,30.5083,-97.6789
Rowland Heights,CA,33.9761,-117.9053
Rowlett,TX,32.9029,-96.5639
Roxboro,NC,36.3937,-78.9828
Roxborough Park,CO,39.4739,-105.0853
Roxbury Crossing,MA,42.3306,-71.0912
Roy,UT,41.1616,-112.0263
Royal Kunia,HI,21.3939,-158.0267
Royal Oak,MI,42.4895,-83.1446
Royal Palm Beach,FL,26.7084,-80.2306
Royse City,TX,32.9751,-96.3325
Rubidoux,CA,33.9961,-117.4056
Ruidoso,NM,33.3317,-105.6730
Rumson,NJ,40.3721,-73.9990
Runnemede,NJ,39.8523,-75.0679
Rupert,ID,42.6191,-113.6772
Rushville,IN,39.6092,-85.4464
Rusk,TX,31.7960,-95.1502
Ruskin,FL,27.7209,-82.4331
Russellville,AL,34.5079,-87.7286
Russellville,AR,35.2784,-93.1338
Russellville,KY,36.8453,-86.8872
Ruston,LA,32.5232,-92.6379
Rutherford,NJ,40.8265,-74.1068
Rutland,VT,43.6106,-72.9726
Rye Brook,NY,41.0193,-73.6835
Rye,NH,43.0134,-70.7709
Rye,NY,40.9806,-73.6837
Sachse,TX,32.9762,-96.5953
Saco,ME,43.5009,-70.4428
Sacramento,CA,38.5816,-121.4944
Saddle Brook,NJ,40.8990,-74.0926
Saddlebrooke,AZ,32.5395,-110.9006
Safety Harbor,FL,27.9908,-82.6932
Safford,AZ,32.8340,-109.7076
Saginaw Township North,MI,43.4600,-84.0067
Saginaw,MI,43.4195,-83.9508
Saginaw,TX,32.8601,-97.3639
Sahuarita,AZ,31.9576,-110.9557
Saint Albans,VT,44.8109,-73.0832
Saint Albans,WV,38.3856,-81.8362
Saint Andrews,SC,34.0430,-81.1010
Saint Ann,MO,38.7273,-90.3832
Saint Anthony,MN,45.0205,-93.2180
Saint Augustine Beach,FL,29.8505,-81.2653
Saint Augustine Shores,FL,29.8108,-81.3103
Saint Augustine,FL,29.8947,-81.3145
Saint Charles,MD,38.6032,-76.9386
Saint Charles,MO,38.7839,-90.4812
Saint Clair Shores,MI,42.4970,-82.8888
Saint Clair,MI,42.8209,-82.4860
Saint Clairsville,OH,40.0806,-80.9001
Saint Cloud,FL,28.2489,-81.2812
Saint Cloud,MN,45.5608,-94.1625
Saint Dennis,KY,38.1884,-85.8458
Saint Francis,MN,45.3869,-93.3594
Saint Francis,WI,42.9675,-87.8776
Saint Gabriel,LA,30.2577,-91.0993
Saint George,UT,37.1041,-113.5841
Saint Helena,CA,38.5052,-122.4703
Saint Helens,OR,45.8640,-122.8065
Saint James,NY,40.8790,-73.1568
Saint John,IN,41.4500,-87.4700
Saint John,MO,38.7148,-90.3463
Saint Johns,MI,43.0011,-84.5592
Saint Johns,MO,38.7134,-90.3432
Saint Johnsbury,VT,44.4192,-72.0151
Saint Joseph,MI,42.1098,-86.4800
Saint Joseph,MN,45.5650,-94.3183
Saint Joseph,MO,39.7686,-94.8466
Saint Louis Park,MN,44.9483,-93.3480
Saint Louis,MI,43.4084,-84.6067
Saint Martin,MS,30.4380,-88.8681
Saint Martinville,LA,30.1252,-91.8334
Saint Marys,OH,40.5423,-84.3894
Saint Marys,PA,41.4278,-78.5609
Saint Matthews,KY,38.2529,-85.6558
Saint Michael,MN,45.2100,-93.6650
Saint Paul Park,MN,44.8422,-92.9913
Saint Paul,MN,44.9444,-93.0933
Saint Pete Beach,FL,27.7253,-82.7412
Saint Peter,MN,44.3236,-93.9580
Saint Peters,MO,38.8003,-90.6265
Saint Rose,LA,29.9469,-90.3231
Saint Simon Mills,GA,31.1708,-81.4073
Saint Simons Island,GA,31.1505,-81.3695
Saint Stephens,NC,35.7646,-81.2731
Saks,AL,33.6987,-85.8397
Salamanca,NY,42.1578,-78.7150
Salem,IL,38.6270,-88.9456
Salem,IN,38.6056,-86.1011
Salem,MA,42.5198,-70.8955
Salem,NH,42.7884,-71.2009
Salem,OH,40.9009,-80.8568
Salem,OR,44.9429,-123.0351
Salem,UT,40.0530,-111.6735
Salem,VA,37.2935,-80.0548
Salem,WI,42.5547,-88.1109
Salida,CA,37.7058,-121.0849
Salida,CO,38.5347,-105.9989
Salina,KS,38.8403,-97.6114
Salinas,CA,36.6777,-121.6555
Saline,MI,42.1667,-83.7816
Salisbury,MD,38.3607,-75.5994
Salisbury,NC,35.6710,-80.4742
Salisbury,NY,40.7457,-73.5601
Sallisaw,OK,35.4604,-94.7875
Salmon Creek,WA,45.7107,-122.6490
Salt Lake City,UT,40.7608,-111.8911
Saltillo,MS,34.3765,-88.6817
Sammamish,WA,47.6418,-122.0804
Samsula-Spruce Creek,FL,29.0493,-81.0619
San Angelo,TX,31.4638,-100.4370
San Anselmo,CA,37.9746,-122.5616
San Antonio,TX,29.4241,-98.4936
San Benito,TX,26.1326,-97.6311
San Bernardino,CA,34.1083,-117.2898
San Bruno,CA,37.6305,-122.4111
San Carlos Park,FL,26.4673,-81.8015
San Carlos,CA,37.5072,-122.2605
San Clemente,CA,33.4270,-117.6120
San Diego Country Estates,CA,33.0067,-116.7836
San Diego,CA,32.7157,-117.1647
San Dimas,CA,34.1067,-117.8067
San Elizario,TX,31.5851,-106.2728
San Francisco,CA,37.7749,-122.4194
San Gabriel,CA,34.0961,-118.1058
San Jacinto,CA,33.7839,-116.9586
San Jose,CA,37.3394,-121.8950
San Juan Capistrano,CA,33.5017,-117.6625
San Juan,TX,26.1892,-98.1553
San Leandro,CA,37.7249,-122.1561
San Lorenzo,CA,37.6741,-122.1332
San Luis Obispo,CA,35.2828,-120.6596
San Luis,AZ,32.4870,-114.7822
San Marcos,CA,33.1434,-117.1661
San Marcos,TX,29.8833,-97.9414
San Marino,CA,34.1214,-118.1065
San Martin,CA,37.0849,-121.6102
San Mateo,CA,37.5630,-122.3255
San Pablo,CA,37.9622,-122.3455
San Rafael,CA,37.9735,-122.5311
San Ramon,CA,37.7799,-121.9780
San Tan Valley,AZ,33.1911,-111.5280
Sanatoga,PA,40.2451,-75.5952
Sand Springs,OK,36.1398,-96.1089
Sandalfoot Cove,FL,26.3386,-80.1869
Sandersville,GA,32.9815,-82.8101
Sandown,NH,42.9287,-71.1870
Sandpoint,ID,48.2766,-116.5533
Sandston,VA,37.5235,-77.3158
Sandusky,OH,41.4489,-82.7080
Sandwich,IL,41.6459,-88.6217
Sandy Springs,GA,33.9243,-84.3785
Sandy,OR,45.3973,-122.2615
Sandy,UT,40.5916,-111.8841
Sanford,FL,28.8006,-81.2731
Sanford,ME,43.4393,-70.7742
Sanford,NC,35.4799,-79.1803
Sangaree,SC,33.0354,-80.1279
Sanger,CA,36.7080,-119.5560
Sanger,TX,33.3632,-97.1739
Sanibel,FL,26.4490,-82.0223
Sans Souci,SC,34.8779,-82.4240
Santa Ana,CA,33.7456,-117.8678
Santa Barbara,CA,34.4208,-119.6982
Santa Clara,CA,37.3541,-121.9552
Santa Clara,UT,37.1330,-113.6541
Santa Clarita,CA,34.3917,-118.5426
Santa Cruz,CA,36.9741,-122.0308
Santa Fe Springs,CA,33.9472,-118.0854
Santa Fe,NM,35.6870,-105.9378
Santa Fe,TX,29.3780,-95.1058
Santa Maria,CA,34.9530,-120.4357
Santa Monica,CA,34.0195,-118.4914
Santa Paula,CA,34.3542,-119.0593
Santa Rosa Beach,FL,30.3960,-86.2288
Santa Rosa,CA,38.4405,-122.7144
Santaquin,UT,39.9755,-111.7852
Santee,CA,32.8384,-116.9739
Sappington,MO,38.5370,-90.3798
Sapulpa,OK,35.9987,-96.1142
Saraland,AL,30.8207,-88.0706
Saranac Lake,NY,44.3295,-74.1313
Saranap,CA,37.8849,-122.0761
Sarasota Springs,FL,27.3089,-82.4795
Sarasota,FL,27.3364,-82.5306
Saratoga Springs,NY,43.0831,-73.7846
Saratoga Springs,UT,40.3491,-111.9047
Saratoga,CA,37.2638,-122.0230
Sartell,MN,45.6216,-94.2069
Satellite Beach,FL,28.1761,-80.5901
Satsuma,AL,30.8532,-88.0561
Saugus,MA,42.4648,-71.0101
Sauk Rapids,MN,45.5919,-94.1661
Sauk Village,IL,41.4884,-87.5675
Sault Ste. Marie,MI,46.4953,-84.3453
Sausalito,CA,37.8591,-122.4852
Savage,MD,39.1379,-76.8239
Savage,MN,44.7791,-93.3363
Savannah,GA,32.0835,-81.0998
Savannah,MO,39.9417,-94.8303
Savannah,TN,35.2248,-88.2492
Savin Hill,MA,42.3126,-71.0578
Savoy,IL,40.0547,-88.2517
Sawmills,NC,35.8248,-81.4745
Sayre,PA,41.9790,-76.5155
Sayreville Junction,NJ,40.4654,-74.3304
Sayreville,NJ,40.4593,-74.3610
Sayville,NY,40.7359,-73.0821
Scaggsville,MD,39.1451,-76.9002
Scappoose,OR,45.7543,-122.8776
Scarsdale,NY,41.0051,-73.7846
Schaumburg,IL,42.0334,-88.0834
Schenectady,NY,42.8142,-73.9396
Schererville,IN,41.4789,-87.4548
Schertz,TX,29.5522,-98.2697
Schiller Park,IL,41.9559,-87.8709
Schlusser,PA,40.2418,-77.1769
Schofield Barracks,HI,21.4984,-158.0651
Schofield-Wheeler,HI,21.4839,-158.0468
Schriever,LA,29.7421,-90.8104
Schuyler,NE,41.4472,-97.0595
Schuylkill Haven,PA,40.6307,-76.1710
Scituate,MA,42.1959,-70.7259
Scotch Plains,NJ,40.6554,-74.3899
Scotchtown,NY,41.4815,-74.3602
Scotia,NY,42.8265,-73.9643
Scott Lake,FL,25.9415,-80.2320
Scott,LA,30.2358,-92.0946
Scottdale,GA,33.7898,-84.2641
Scotts Valley,CA,37.0511,-122.0147
Scottsbluff,NE,41.8666,-103.6672
Scottsboro,AL,34.6723,-86.0341
Scottsburg,IN,38.6856,-85.7703
Scottsdale,AZ,33.5092,-111.8990
Scranton,PA,41.4092,-75.6649
Sea Cliff,NY,40.8490,-73.6449
SeaTac,WA,47.4485,-122.2922
Seabrook,MD,38.9740,-76.8490
Seabrook,NH,42.8948,-70.8712
Seabrook,TX,29.5641,-95.0255
Seaford,DE,38.6412,-75.6110
Seaford,NY,40.6659,-73.4882
Seagoville,TX,32.6396,-96.5383
Seal Beach,CA,33.7414,-118.1048
Sealy,TX,29.7808,-96.1572
Searcy,AR,35.2506,-91.7362
Seaside,CA,36.6111,-121.8516
Seaside,OR,45.9932,-123.9226
Seattle,WA,47.6062,-122.3321
Sebastian,FL,27.8164,-80.4706
Sebastopol,CA,38.4021,-122.8239
Sebring,FL,27.4956,-81.4409
Secaucus,NJ,40.7895,-74.0565
Security-Widefield,CO,38.7473,-104.7144
Sedalia,MO,38.7045,-93.2283
Sedona,AZ,34.8697,-111.7610
Sedro-Woolley,WA,48.5039,-122.2361
Seekonk,MA,41.8084,-71.3370
Seffner,FL,27.9836,-82.2756
Seguin,TX,29.5688,-97.9647
Selah,WA,46.6540,-120.5301
Selden,NY,40.8665,-73.0357
Selinsgrove,PA,40.7990,-76.8622
Sellersburg,IN,38.3981,-85.7550
Selma,AL,32.4074,-87.0211
Selma,CA,36.5708,-119.6121
Selma,NC,35.5365,-78.2844
Selma,TX,29.5844,-98.3059
Seminole,FL,27.8397,-82.7912
Seminole,OK,35.2245,-96.6706
Seminole,TX,32.7190,-102.6449
Senatobia,MS,34.6176,-89.9687
Seneca Falls,NY,42.9106,-76.7966
Seneca,SC,34.6857,-82.9532
Sequim,WA,48.0796,-123.1023
Setauket-East Setauket,NY,40.9306,-73.1018
Seven Corners,VA,38.8721,-77.1553
Seven Hills,OH,41.3953,-81.6762
Seven Oaks,SC,34.0488,-81.1465
Severn,MD,39.1371,-76.6983
Severna Park,MD,39.0704,-76.5452
Sevierville,TN,35.8681,-83.5618
Seward,NE,40.9070,-97.0989
Sewell,NJ,39.7665,-75.1443
Seymour,CT,41.3968,-73.0759
Seymour,IN,38.9592,-85.8902
Seymour,TN,35.8906,-83.7246
Shady Hills,FL,28.4100,-82.5429
Shady Hollow,TX,30.1649,-97.8622
Shady Side,MD,38.8418,-76.5122
Shafter,CA,35.5005,-119.2718
Shaker Heights,OH,41.4739,-81.5371
Shakopee,MN,44.7980,-93.5269
Shamokin,PA,40.7890,-76.5589
Shanor-Northvue,PA,40.9104,-79.9156
Sharon Hill,PA,39.9065,-75.2716
Sharon,MA,42.1237,-71.1787
Sharon,PA,41.2331,-80.4934
Sharonville,OH,39.2681,-84.4133
Shasta Lake,CA,40.6804,-122.3708
Shaw,DC,38.9121,-77.0214
Shawano,WI,44.7822,-88.6090
Shawnee,KS,39.0417,-94.7202
Shawnee,OK,35.3273,-96.9253
Sheboygan Falls,WI,43.7320,-87.8221
Sheboygan,WI,43.7508,-87.7145
Sheffield Lake,OH,41.4875,-82.1015
Sheffield,AL,34.7651,-87.6986
Shelby,MI,42.6709,-83.0330
Shelby,NC,35.2923,-81.5357
Shelby,OH,40.8815,-82.6618
Shelbyville,IN,39.5214,-85.7769
Shelbyville,KY,38.2120,-85.2236
Shelbyville,TN,35.4834,-86.4603
Sheldon,IA,43.1811,-95.8561
Shelton,CT,41.3165,-73.0932
Shelton,WA,47.2151,-123.1007
Shenandoah,IA,40.7655,-95.3722
Shenandoah,LA,30.4013,-91.0009
Shepherdsville,KY,37.9884,-85.7158
Sheridan,CO,39.6469,-105.0253
Sheridan,OR,45.0993,-123.3948
Sheridan,WY,44.7972,-106.9562
Sherman,TX,33.6357,-96.6089
Sherrelwood,CO,39.8378,-105.0014
Sherwood Manor,CT,42.0134,-72.5643
Sherwood,AR,34.8151,-92.2243
Sherwood,OR,45.3565,-122.8401
Shields,MI,43.4153,-84.0564
Shillington,PA,40.3079,-75.9655
Shiloh,IL,38.5614,-89.8973
Shiloh,OH,39.8187,-84.2285
Shiloh,PA,39.9781,-76.7972
Shiloh,PA,41.0417,-78.2914
Shippensburg,PA,40.0506,-77.5203
Shiprock,NM,36.7856,-108.6870
Shirley,NY,40.8015,-72.8676
Shively,KY,38.2001,-85.8227
Shoreline,WA,47.7557,-122.3415
Shoreview,MN,45.0791,-93.1472
Shorewood,IL,41.5200,-88.2017
Shorewood,MN,44.9008,-93.5891
Shorewood,WI,43.0892,-87.8876
Short Hills,NJ,40.7479,-74.3254
Short Pump,VA,37.6504,-77.6125
Show Low,AZ,34.2542,-110.0298
Shreveport,LA,32.5251,-93.7502
Shrewsbury,MA,42.2959,-71.7129
Shrewsbury,MO,38.5903,-90.3368
Sicklerville,NJ,39.7173,-74.9693
Sidney,MT,47.7167,-104.1563
Sidney,NE,41.1428,-102.9780
Sidney,OH,40.2842,-84.1555
Sienna Plantation,TX,29.4861,-95.5080
Sierra Madre,CA,34.1617,-118.0529
Sierra Vista Southeast,AZ,31.4538,-110.2164
Sierra Vista,AZ,31.5545,-110.3037
Siesta Key,FL,27.2678,-82.5453
Signal Hill,CA,33.8045,-118.1679
Signal Mountain,TN,35.1226,-85.3439
Sikeston,MO,36.8767,-89.5879
Siler City,NC,35.7235,-79.4622
Siloam Springs,AR,36.1881,-94.5405
Silsbee,TX,30.3491,-94.1780
Silver City,NM,32.7701,-108.2803
Silver Firs,WA,47.8660,-122.1551
Silver Hill,MD,38.8418,-76.9458
Silver Lake,NC,34.1488,-77.9136
Silver Lakes,CA,34.7456,-117.3410
Silver Spring,MD,38.9907,-77.0261
Silver Springs Shores,FL,29.1044,-82.0206
Silver Springs,FL,29.2166,-82.0576
Silver Springs,NV,39.4155,-119.2246
Silverdale,WA,47.6445,-122.6949
Silverton,OR,45.0051,-122.7832
Silvis,IL,41.5123,-90.4151
Simi Valley,CA,34.2694,-118.7815
Simpsonville,SC,34.7371,-82.2543
Simsbury Center,CT,41.8809,-72.8112
Sinton,TX,28.0367,-97.5092
Sioux Center,IA,43.0797,-96.1756
Sioux City,IA,42.5000,-96.4003
Sioux Falls,SD,43.5437,-96.7280
Sitka,AK,57.0532,-135.3309
Skiatook,OK,36.3684,-96.0014
Skidaway Island,GA,31.9349,-81.0470
Skokie,IL,42.0334,-87.7334
Skowhegan,ME,44.7651,-69.7192
Sky Lake,FL,28.4572,-81.3915
Slaton,TX,33.4373,-101.6435
Sleepy Hollow,NY,41.0857,-73.8585
Slidell,LA,30.2752,-89.7812
Slinger,WI,43.3336,-88.2862
Smithfield,NC,35.5085,-78.3394
Smithfield,RI,41.9220,-71.5495
Smithfield,UT,41.8383,-111.8327
Smithfield,VA,36.9824,-76.6311
Smiths Station,AL,32.5401,-85.0986
Smithtown,NY,40.8559,-73.2007
Smithville,MO,39.3869,-94.5811
Smithville,NJ,39.4940,-74.4571
Smyrna,DE,39.2998,-75.6047
Smyrna,GA,33.8840,-84.5144
Smyrna,TN,35.9828,-86.5186
Snellville,GA,33.8573,-84.0199
Snohomish,WA,47.9129,-122.0982
Snoqualmie,WA,47.5287,-121.8254
Snowflake,AZ,34.5134,-110.0785
Snyder,TX,32.7179,-100.9176
Snyderville,UT,40.6944,-111.5438
Socastee,SC,33.6835,-78.9984
Socorro Mission Number 1 Colonia,TX,31.6362,-106.2905
Socorro,NM,34.0584,-106.8914
Socorro,TX,31.6546,-106.3033
Soddy-Daisy,TN,35.2359,-85.1908
Solana Beach,CA,32.9911,-117.2712
Soledad,CA,36.4247,-121.3263
Solon,OH,41.3898,-81.4412
Solvang,CA,34.5958,-120.1376
Solvay,NY,43.0581,-76.2074
Somerdale,NJ,39.8440,-75.0227
Somers Point,NJ,39.3176,-74.5946
Somers,WI,42.6403,-87.9104
Somerset,KY,37.0920,-84.6041
Somerset,MA,41.7696,-71.1287
Somerset,NJ,40.4976,-74.4885
Somerset,PA,40.0084,-79.0781
Somersworth,NH,43.2617,-70.8653
Somerton,AZ,32.5964,-114.7097
Somerville,MA,42.3876,-71.0995
Somerville,NJ,40.5743,-74.6099
Sonoma,CA,38.2919,-122.4580
Soquel,CA,36.9880,-121.9566
Souderton,PA,40.3118,-75.3252
Sound Beach,NY,40.9562,-72.9679
South Amboy,NJ,40.4779,-74.2907
South Apopka,FL,28.6619,-81.5095
South Bay,FL,26.6640,-80.7162
South Beloit,IL,42.4931,-89.0368
South Bend,IN,41.6834,-86.2500
South Berwick,ME,43.2345,-70.8095
South Boston,VA,36.6987,-78.9014
South Bradenton,FL,27.4631,-82.5818
South Burlington,VT,44.4670,-73.1710
South Charleston,WV,38.3684,-81.6996
South Cleveland,TN,35.1060,-84.8900
South Daytona,FL,29.1658,-81.0045
South El Monte,CA,34.0519,-118.0467
South Elgin,IL,41.9942,-88.2923
South Euclid,OH,41.5231,-81.5185
South Farmingdale,NY,40.7207,-73.4401
South Fulton,GA,33.5926,-84.6729
South Gastonia,NC,35.2193,-81.2056
South Gate Ridge,FL,27.2864,-82.4968
South Gate,CA,33.9547,-118.2120
South Gate,MD,39.1290,-76.6258
South Hadley,MA,42.2584,-72.5745
South Haven,IN,41.5420,-87.1373
South Highpoint,FL,27.9170,-82.7129
South Hill,NY,42.4060,-76.4850
South Hill,WA,47.1412,-122.2701
South Holland,IL,41.6009,-87.6070
South Hooksett,NH,43.0265,-71.4353
South Houston,TX,29.6630,-95.2355
South Huntington,NY,40.8237,-73.3987
South Jordan,UT,40.5622,-111.9297
South Kensington,MD,39.0130,-77.0710
South Kingstown,RI,41.4472,-71.5249
South Lake Tahoe,CA,38.9332,-119.9844
South Laurel,MD,39.0698,-76.8503
South Lockport,NY,43.1501,-78.6967
South Lyon,MI,42.4606,-83.6516
South Miami Heights,FL,25.5976,-80.3806
South Miami,FL,25.7076,-80.2934
South Milwaukee,WI,42.9106,-87.8606
South Monroe,MI,41.8959,-83.4177
South Ogden,UT,41.1919,-111.9713
South Old Bridge,NJ,40.4082,-74.3543
South Orange,NJ,40.7490,-74.2613
South Oroville,CA,39.4810,-121.5360
South Park Township,PA,40.2986,-79.9941
South Pasadena,CA,34.1161,-118.1504
South Pasadena,FL,27.7550,-82.7376
South Patrick Shores,FL,28.2022,-80.6095
South Peabody,MA,42.5098,-70.9495
South Plainfield,NJ,40.5793,-74.4115
South Portland Gardens,ME,43.6390,-70.3153
South Portland,ME,43.6415,-70.2409
South Riding,VA,38.9209,-77.5039
South River,NJ,40.4465,-74.3860
South Saint Paul,MN,44.8927,-93.0349
South Salt Lake,UT,40.7188,-111.8883
South San Francisco,CA,37.6547,-122.4077
South San Gabriel,CA,34.0491,-118.0946
South San Jose Hills,CA,34.0128,-117.9048
South Sioux City,NE,42.4739,-96.4136
South Suffolk,VA,36.7171,-76.5902
South Tucson,AZ,32.1995,-110.9684
South Valley Stream,NY,40.6559,-73.7176
South Valley,NM,35.0100,-106.6781
South Venice,FL,27.0531,-82.4243
South Vineland,NJ,39.4460,-75.0288
South Weber,UT,41.1324,-111.9302
South Whittier,CA,33.9502,-118.0392
South Williamsport,PA,41.2320,-76.9991
South Windsor,CT,41.8237,-72.6212
South Yarmouth,MA,41.6668,-70.1847
South Yuba City,CA,39.1166,-121.6391
Southampton,MA,42.2293,-72.7301
Southaven,MS,34.9890,-90.0126
Southborough,MA,42.3056,-71.5245
Southbridge,MA,42.0751,-72.0334
Southbury,CT,41.4815,-73.2132
Southchase,FL,28.3931,-81.3834
Southeast Arcadia,FL,27.1863,-81.8521
Southern Pines,NC,35.1741,-79.3923
Southfield,MI,42.4734,-83.2219
Southgate,FL,27.3081,-82.5098
Southgate,MI,42.2139,-83.1938
Southington,CT,41.5965,-72.8776
Southlake,TX,32.9412,-97.1342
Southold,NY,41.0648,-72.4262
Southport,NY,42.0548,-76.8191
Southside,AL,33.9245,-86.0225
Southwest Ranches,FL,26.0587,-80.3373
Southwest Waterfront,DC,38.8793,-77.0176
Southwick,MA,42.0548,-72.7704
Southwood Acres,CT,41.9626,-72.5715
Spanaway,WA,47.1040,-122.4346
Spanish Fork,UT,40.1150,-111.6549
Spanish Fort,AL,30.6749,-87.9153
Spanish Lake,MO,38.7878,-90.2159
Spanish Springs,NV,39.6491,-119.7074
Sparks,NV,39.5349,-119.7527
Sparta,NJ,41.0334,-74.6385
Sparta,TN,35.9259,-85.4641
Sparta,WI,43.9441,-90.8129
Spartanburg,SC,34.9496,-81.9321
Spearfish,SD,44.4908,-103.8594
Speedway,IN,39.8023,-86.2672
Spencer,IA,43.1414,-95.1444
Spencer,MA,42.2440,-71.9923
Spirit Lake,IA,43.4222,-95.1022
Spokane Valley,WA,47.6732,-117.2394
Spokane,WA,47.6597,-117.4291
Spotswood,NJ,40.3918,-74.3985
Spreckelsville,HI,20.8969,-156.4150
Spring Creek,NV,40.7266,-115.5859
Spring Grove,IL,42.4436,-88.2365
Spring Hill,FL,28.4769,-82.5255
Spring Hill,KS,38.7431,-94.8255
Spring Hill,TN,35.7512,-86.9300
Spring Lake Park,MN,45.1077,-93.2380
Spring Lake,NC,35.1679,-78.9728
Spring Ridge,MD,39.4015,-77.3525
Spring Valley Lake,CA,34.4936,-117.2683
Spring Valley,CA,32.7448,-116.9989
Spring Valley,IL,41.3275,-89.1998
Spring Valley,NV,36.1080,-115.2450
Spring Valley,NY,41.1131,-74.0438
Spring,TX,30.0799,-95.4172
Springboro,OH,39.5523,-84.2333
Springdale,AR,36.1867,-94.1288
Springdale,NJ,39.8810,-74.9700
Springdale,OH,39.2870,-84.4852
Springfield,FL,30.1533,-85.6113
Springfield,IL,39.8017,-89.6437
Springfield,MA,42.1015,-72.5898
Springfield,MI,42.3264,-85.2392
Springfield,MO,37.2153,-93.2982
Springfield,NJ,40.7049,-74.3172
Springfield,OH,39.9242,-83.8088
Springfield,OR,44.0462,-123.0220
Springfield,PA,39.9307,-75.3202
Springfield,TN,36.5092,-86.8850
Springfield,VA,38.7893,-77.1872
Springhill,LA,33.0060,-93.4668
Springs,NY,41.0162,-72.1592
Springville,UT,40.1652,-111.6107
St Johnsbury,VT,44.4253,-72.0151
St. Charles,IL,41.9142,-88.3087
St. Charles,MD,38.6073,-76.9248
St. Louis,MO,38.6273,-90.1979
St. Marys,GA,30.7305,-81.5465
St. Petersburg,FL,27.7709,-82.6793
Stafford,CT,41.9848,-72.2890
Stafford,TX,29.6161,-95.5577
Stallings,NC,35.0907,-80.6862
Stamford,CT,41.0534,-73.5387
Stanford,CA,37.4241,-122.1661
Stansbury park,UT,40.6377,-112.2961
Stanton,CA,33.8025,-117.9931
Stanwood,WA,48.2412,-122.3707
Star,ID,43.6921,-116.4935
Starke,FL,29.9441,-82.1098
Starkville,MS,33.4505,-88.8196
State College,PA,40.7934,-77.8600
Staten Island,NY,40.5623,-74.1399
Statesboro,GA,32.4488,-81.7832
Statesville,NC,35.7826,-80.8873
Staunton,IL,39.0123,-89.7912
Staunton,VA,38.1499,-79.0732
Stayton,OR,44.8007,-122.7945
Steamboat Springs,CO,40.4850,-106.8317
Steelton,PA,40.2354,-76.8414
Steger,IL,41.4700,-87.6364
Steilacoom,WA,47.1698,-122.6026
Stephenville,TX,32.2207,-98.2023
Sterling Heights,MI,42.5803,-83.0302
Sterling,AK,60.5372,-150.7647
Sterling,CO,40.6255,-103.2077
Sterling,IL,41.7886,-89.6962
Sterling,MA,42.4376,-71.7606
Sterling,VA,39.0062,-77.4286
Steubenville,OH,40.3698,-80.6340
Stevens Point,WI,44.5236,-89.5746
Stevenson Ranch,CA,34.3905,-118.5737
Stevensville,MD,38.9807,-76.3144
Stewartville,MN,43.8555,-92.4885
Stickney,IL,41.8214,-87.7828
Stillwater,MN,45.0564,-92.8060
Stillwater,OK,36.1156,-97.0584
Stockbridge,GA,33.5443,-84.2338
Stockton,CA,37.9577,-121.2908
Stokesdale,NC,36.2371,-79.9795
Stone Mountain,GA,33.8082,-84.1702
Stonecrest,GA,33.7085,-84.1349
Stonegate,CO,39.5308,-104.8039
Stoneham,MA,42.4801,-71.0995
Stony Brook,NY,40.9256,-73.1409
Stony Point,NY,41.2295,-73.9871
Storm Lake,IA,42.6411,-95.2097
Storrs,CT,41.8084,-72.2495
Stoughton,MA,42.1251,-71.1023
Stoughton,WI,42.9169,-89.2179
Stow,MA,42.4370,-71.5056
Stow,OH,41.1595,-81.4404
Strasburg,VA,38.9887,-78.3586
Stratford,CT,41.1845,-73.1332
Stratford,NJ,39.8268,-75.0155
Stratham Station,NH,43.0529,-70.8953
Strathmore,NJ,40.3959,-74.2135
Stratmoor,CO,38.7739,-104.7797
Strawberry,CA,37.8969,-122.5089
Streamwood,IL,42.0256,-88.1784
Streator,IL,41.1209,-88.8354
Streetsboro,OH,41.2392,-81.3459
Strongsville,OH,41.3145,-81.8357
Stroudsburg,PA,40.9868,-75.1946
Struthers,OH,41.0526,-80.6078
Stuart,FL,27.1975,-80.2528
Stuarts Draft,VA,38.0301,-79.0336
Sturgeon Bay,WI,44.8342,-87.3770
Sturgis,MI,41.7992,-85.4192
Sturgis,SD,44.4097,-103.5091
Sturtevant,WI,42.6981,-87.8945
Stuttgart,AR,34.5004,-91.5526
Suamico,WI,44.6319,-88.0393
Succasunna,NJ,40.8684,-74.6404
Sudbury,MA,42.3834,-71.4162
Sudden Valley,WA,48.7229,-122.3465
Sudley,VA,38.7929,-77.4975
Suffern,NY,41.1148,-74.1496
Suffolk Downs Station,MA,42.3898,-70.9978
Suffolk,VA,36.7284,-76.5850
Sugar Grove,IL,41.7614,-88.4437
Sugar Hill,GA,34.1065,-84.0335
Sugar Land,TX,29.6197,-95.6350
Sugarcreek,PA,41.4215,-79.8812
Sugarland Run,VA,39.0376,-77.3753
Sugarmill Woods,FL,28.7322,-82.5062
Suisun,CA,38.2383,-122.0402
Suitland,MD,38.8487,-76.9239
Suitland-Silver Hill,MD,38.8469,-76.9259
Sullivan,MO,38.2081,-91.1604
Sulphur Springs,TX,33.1384,-95.6011
Sulphur,LA,30.2366,-93.3774
Sulphur,OK,34.5079,-96.9684
Summerfield,MD,38.9045,-76.8683
Summerfield,NC,36.2088,-79.9048
Summerlin South,NV,36.1171,-115.3300
Summerside,OH,39.1048,-84.2883
Summerville,SC,33.0185,-80.1757
Summit Park,UT,40.7458,-111.6116
Summit View,WA,47.1363,-122.3520
Summit,AZ,32.0670,-110.9515
Summit,IL,41.7881,-87.8103
Summit,NJ,40.7156,-74.3647
Summit,WA,47.1618,-122.3571
Sumner,WA,47.2032,-122.2404
Sumter,SC,33.9204,-80.3415
Sun City Center,FL,27.7181,-82.3518
Sun City West,AZ,33.6620,-112.3413
Sun City,AZ,33.5975,-112.2718
Sun Lakes,AZ,33.2112,-111.8754
Sun Prairie,WI,43.1836,-89.2137
Sun Valley,NV,39.5963,-119.7760
Sun Village,CA,34.5595,-117.9568
Sunbury,OH,40.2426,-82.8591
Sunbury,PA,40.8626,-76.7944
Suncook,NH,43.1306,-71.4531
Sunland Park,NM,31.7965,-106.5800
Sunny Isles Beach,FL,25.9506,-80.1228
Sunnyside,WA,46.3237,-120.0087
Sunnyslope,CA,34.0120,-117.4334
Sunnyvale,CA,37.3688,-122.0363
Sunnyvale,TX,32.7965,-96.5608
Sunrise Manor,NV,36.2111,-115.0731
Sunrise,FL,26.1340,-80.1131
Sunset Beach-Pūpūkea,HI,21.6622,-158.0541
Sunset Hills,MO,38.5389,-90.4073
Sunset,FL,25.7059,-80.3523
Sunset,UT,41.1363,-112.0310
Superior,CO,39.9528,-105.1686
Superior,WI,46.7208,-92.1041
Surfside,FL,25.8784,-80.1256
Surprise,AZ,33.6306,-112.3332
Susanville,CA,40.4163,-120.6530
Sussex,WI,43.1339,-88.2220
Sutherlin,OR,43.3901,-123.3126
Sutton,MA,42.1501,-71.7629
Suwanee,GA,34.0515,-84.0713
Swainsboro,GA,32.5974,-82.3337
Swampscott,MA,42.4709,-70.9176
Swansea,IL,38.5339,-89.9890
Swansea,MA,41.7482,-71.1898
Swanzey,NH,42.8698,-72.2818
Swarthmore,PA,39.9021,-75.3499
Swartz Creek,MI,42.9573,-83.8305
Sweet Home,OR,44.3976,-122.7362
Sweetwater,FL,25.7634,-80.3731
Sweetwater,TN,35.6015,-84.4610
Sweetwater,TX,32.4710,-100.4059
Swissvale,PA,40.4237,-79.8828
Sycamore,IL,41.9889,-88.6868
Sylacauga,AL,33.1732,-86.2516
Sylvania,OH,41.7189,-83.7130
Sylvester,GA,31.5309,-83.8369
Syosset,NY,40.8262,-73.5021
Syracuse,NY,43.0481,-76.1474
Syracuse,UT,41.0894,-112.0647
Tacoma,WA,47.2529,-122.4443
Taft,CA,35.1425,-119.4565
Tahlequah,OK,35.9154,-94.9700
Takoma Park,MD,38.9779,-77.0075
Talent,OR,42.2457,-122.7887
Talladega,AL,33.4359,-86.1058
Tallahassee,FL,30.4383,-84.2807
Tallmadge,OH,41.1014,-81.4418
Tallulah,LA,32.4085,-91.1868
Tamalpais Valley,CA,37.8796,-122.5458
Tamalpais-Homestead Valley,CA,37.8783,-122.5362
Tamaqua,PA,40.7973,-75.9694
Tamarac,FL,26.2129,-80.2498
Tamiami,FL,25.7587,-80.3984
Tampa,FL,27.9475,-82.4584
Tanaina,AK,61.6269,-149.4281
Taneytown,MD,39.6579,-77.1744
Tanglewilde,WA,47.0515,-122.7824
Tanglewilde-Thompson Place,WA,47.0512,-122.7808
Tanque Verde,AZ,32.2517,-110.7373
Taos,NM,36.4072,-105.5731
Tappan,NY,41.0220,-73.9474
Tara Hills,CA,37.9935,-122.3164
Tarboro,NC,35.8968,-77.5358
Tarpon Springs,FL,28.1461,-82.7568
Tarrant,AL,33.5834,-86.7728
Tarrytown,NY,41.0762,-73.8588
Taunton,MA,41.9001,-71.0898
Tavares,FL,28.8042,-81.7256
Taylor Mill,KY,38.9976,-84.4963
Taylor,MI,42.2409,-83.2696
Taylor,PA,41.3948,-75.7066
Taylor,TX,30.5708,-97.4094
Taylors,SC,34.9204,-82.2962
Taylorsville,UT,40.6677,-111.9388
Taylorville,IL,39.5489,-89.2945
Teaneck,NJ,40.8976,-74.0160
Teays Valley,WV,38.4501,-81.9293
Tecumseh,MI,42.0039,-83.9449
Tecumseh,OK,35.2578,-96.9367
Tega Cay,SC,35.0243,-81.0279
Tehachapi,CA,35.1322,-118.4490
Tell City,IN,37.9514,-86.7678
Tellico Village,TN,35.6832,-84.2552
Temecula,CA,33.4936,-117.1484
Tempe Junction,AZ,33.4142,-111.9435
Tempe,AZ,33.4148,-111.9093
Temperance,MI,41.7792,-83.5688
Temple City,CA,34.1072,-118.0579
Temple Hills,MD,38.8140,-76.9455
Temple Terrace,FL,28.0353,-82.3893
Temple,TX,31.0982,-97.3428
Templeton,CA,35.5497,-120.7060
Templeton,MA,42.5556,-72.0676
Ten Hills,MA,42.3968,-71.0870
Tenafly,NJ,40.9254,-73.9629
Tenleytown,DC,38.9470,-77.0800
Tequesta,FL,26.9590,-80.0880
Terrace Heights,WA,46.6062,-120.4398
Terre Haute,IN,39.4667,-87.4139
Terrell,TX,32.7360,-96.2753
Terrytown,LA,29.9102,-90.0326
Terryville,CT,41.6782,-73.0109
Terryville,NY,40.9090,-73.0651
Tewksbury,MA,42.6106,-71.2342
Texarkana,AR,33.4418,-94.0377
Texarkana,TX,33.4251,-94.0477
Texas City,TX,29.3838,-94.9027
The Acreage,FL,26.7940,-80.2675
The Bronx,NY,40.8499,-73.8664
The Colony,TX,33.0890,-96.8864
The Crossings,FL,25.6707,-80.4012
The Dalles,OR,45.5946,-121.1787
The Hammocks,FL,25.6715,-80.4445
The Parks At Walter Reed,DC,38.9740,-77.0296
The Pinery,CO,39.4553,-104.7344
The Trails of Frisco,TX,33.1609,-96.8718
The Village of Indian Hill,OH,39.1795,-84.3352
The Village,OK,35.5609,-97.5514
The Villages,FL,28.9341,-81.9599
The Wharf,DC,38.8791,-77.0249
The Woodlands,TX,30.1580,-95.4894
Theodore,AL,30.5477,-88.1753
Thermalito,CA,39.5113,-121.5869
Thibodaux,LA,29.7958,-90.8229
Thief River Falls,MN,48.1191,-96.1812
Thiells,NY,41.2107,-74.0176
Thomaston,GA,32.8882,-84.3266
Thomasville,GA,30.8366,-83.9788
Thomasville,NC,35.8826,-80.0820
Thompson,CT,41.9587,-71.8626
Thompsonville,CT,41.9970,-72.5990
Thomson,GA,33.4707,-82.5046
Thonotosassa,FL,28.0614,-82.3023
Thornton,CO,39.8680,-104.9719
Thousand Oaks,CA,34.1706,-118.8376
Thousand Palms,CA,33.8200,-116.3903
Three Lakes,FL,25.6421,-80.3984
Three Points,AZ,32.0767,-111.3137
Three Rivers,MI,41.9439,-85.6325
Thurmont,MD,39.6237,-77.4108
Tiburon,CA,37.8735,-122.4566
Tichigan,WI,42.8289,-88.1976
Tiffin,OH,41.1145,-83.1780
Tifton,GA,31.4505,-83.5085
Tigard,OR,45.4312,-122.7715
Tillmans Corner,AL,30.5902,-88.1708
Timber Pines,FL,28.4703,-82.6032
Timberlake,VA,37.3207,-79.2575
Timberlane,LA,29.8774,-90.0320
Timberwood Park,TX,29.6944,-98.4974
Timonium,MD,39.4370,-76.6197
Tinley Park,IL,41.5734,-87.7845
Tinton Falls,NJ,40.3043,-74.1004
Tipp City,OH,39.9584,-84.1722
Tipton,IN,40.2823,-86.0411
Titusville,FL,28.6122,-80.8076
Titusville,PA,41.6270,-79.6737
Tiverton,RI,41.6259,-71.2134
Toccoa,GA,34.5773,-83.3324
Toledo,OH,41.6639,-83.5552
Tolland,CT,41.8715,-72.3687
Tolleson,AZ,33.4500,-112.2593
Tomah,WI,43.9786,-90.5040
Tomball,TX,30.0972,-95.6161
Toms River,NJ,39.9537,-74.1979
Tonawanda,NY,43.0203,-78.8803
Tonganoxie,KS,39.1097,-95.0877
Tooele,UT,40.5308,-112.2983
Topanga,CA,34.0936,-118.6015
Topeka,KS,39.0483,-95.6780
Toppenish,WA,46.3773,-120.3087
Topsham,ME,43.9276,-69.9759
Torrance,CA,33.8359,-118.3406
Torrington,CT,41.8006,-73.1212
Torrington,WY,42.0625,-104.1844
Totowa,NJ,40.9051,-74.2099
Town 'n' Country,FL,28.0106,-82.5773
Town and Country,MO,38.6123,-90.4634
Towson,MD,39.4015,-76.6019
Tracy,CA,37.7399,-121.4262
Tracyton,WA,47.6090,-122.6551
Traverse City,MI,44.7631,-85.6206
Travilah,MD,39.0690,-77.2630
Treasure Island,FL,27.7692,-82.7690
Tremonton,UT,41.7119,-112.1655
Trenton,MI,42.1395,-83.1783
Trenton,MO,40.0789,-93.6166
Trenton,NJ,40.2171,-74.7429
Trenton,OH,39.4809,-84.4577
Tri-Cities,WA,46.2454,-119.1962
Triangle,VA,38.5468,-77.3367
Trinidad,CO,37.1695,-104.5005
Trinity,FL,28.1808,-82.6818
Trinity,NC,35.8946,-79.9909
Trooper,PA,40.1498,-75.4018
Trophy Club,TX,32.9979,-97.1836
Trotwood,OH,39.7973,-84.3113
Troutdale,OR,45.5393,-122.3873
Troy,AL,31.8088,-85.9699
Troy,IL,38.7292,-89.8832
Troy,MI,42.6056,-83.1499
Troy,MO,38.9795,-90.9807
Troy,NY,42.7284,-73.6918
Troy,OH,40.0395,-84.2033
Truckee,CA,39.3280,-120.1833
Trumann,AR,35.6737,-90.5073
Trumbull,CT,41.2429,-73.2007
Trussville,AL,33.6198,-86.6089
Truth or Consequences,NM,33.1284,-107.2528
Tualatin,OR,45.3840,-122.7640
Tuba City,AZ,36.1350,-111.2399
Tuckahoe,VA,37.5902,-77.5564
Tucker,GA,33.8546,-84.2171
Tucson Estates,AZ,32.1876,-111.0909
Tucson,AZ,32.2217,-110.9265
Tucumcari,NM,35.1719,-103.7269
Tufts University,MA,42.4074,-71.1192
Tukwila,WA,47.4740,-122.2610
Tulalip,WA,48.0684,-122.2918
Tulare,CA,36.2077,-119.3473
Tullahoma,TN,35.3620,-86.2094
Tulsa,OK,36.1540,-95.9928
Tumwater,WA,47.0073,-122.9093
Tupelo,MS,34.2581,-88.7046
Turlock,CA,37.4947,-120.8466
Turner,ME,44.2565,-70.2562
Turpin Hills,OH,39.1101,-84.3799
Turtle Creek,PA,40.4059,-79.8251
Turtle Rock,CA,33.6433,-117.8101
Tuscaloosa,AL,33.2098,-87.5692
Tuscumbia,AL,34.7312,-87.7025
Tuskegee,AL,32.4241,-85.6910
Tustin,CA,33.7458,-117.8262
Tuttle,OK,35.2909,-97.8123
Twentynine Palms,CA,34.1356,-116.0542
Twin Falls,ID,42.5630,-114.4609
Twin Lakes,CO,39.8250,-105.0047
Twin Lakes,WI,42.5311,-88.2481
Twin Rivers,NJ,40.2640,-74.4913
Twinsburg,OH,41.3126,-81.4401
Two Rivers,WI,44.1539,-87.5692
Tyler,TX,32.3513,-95.3011
Tyngsboro,MA,42.6768,-71.4245
Tyrone,GA,33.4712,-84.5971
Tyrone,PA,40.6706,-78.2386
Tysons,VA,38.9187,-77.2311
Uhrichsville,OH,40.3931,-81.3465
Ukiah,CA,39.1502,-123.2078
Ulysses,KS,37.5814,-101.3552
Umatilla,OR,45.9173,-119.3425
Union Beach,NJ,40.4465,-74.1782
Union City,CA,37.5958,-122.0191
Union City,GA,33.5871,-84.5424
Union City,NJ,40.7796,-74.0238
Union City,TN,36.4242,-89.0570
Union Gap,WA,46.5573,-120.4751
Union Hill-Novelty Hill,WA,47.6789,-122.0283
Union Market,DC,38.9086,-76.9982
Union Park,FL,28.5681,-81.2862
Union,KY,38.9459,-84.6805
Union,MO,38.4500,-91.0085
Union,NJ,40.6976,-74.2632
Union,OH,39.8978,-84.3063
Union,SC,34.7154,-81.6237
Uniondale,NY,40.7004,-73.5929
Uniontown,PA,39.9001,-79.7164
Unionville,NC,35.0874,-80.5090
Universal City,TX,29.5480,-98.2911
University City,MO,38.6559,-90.3093
University Heights,OH,41.4978,-81.5374
University Park,FL,25.7465,-80.3675
University Place,WA,47.2356,-122.5504
University,FL,28.0739,-82.4390
Upland,CA,34.0975,-117.6484
Upper Alton,IL,38.9114,-90.1507
Upper Arlington,OH,39.9945,-83.0624
Upper Grand Lagoon,FL,30.1633,-85.7408
Upper Montclair,NJ,40.8462,-74.2013
Upper Saddle River,NJ,41.0584,-74.0985
Upper Saint Clair,PA,40.3359,-80.0834
Upper Sandusky,OH,40.8273,-83.2813
Urbana,IL,40.1106,-88.2073
Urbana,MD,39.3259,-77.3514
Urbana,OH,40.1084,-83.7524
Urbandale,IA,41.6267,-93.7122
Utica,NY,43.1009,-75.2327
Uvalde,TX,29.2097,-99.7862
Uxbridge,MA,42.0773,-71.6295
Vacaville,CA,38.3566,-121.9877
Vadnais Heights,MN,45.0575,-93.0738
Vail,AZ,32.0479,-110.7120
Vail,CO,39.6403,-106.3742
Valdosta,GA,30.8333,-83.2803
Valencia West,AZ,32.1324,-111.1141
Valencia,CA,34.4436,-118.6095
Valinda,CA,34.0453,-117.9437
Valle Vista,CA,33.7478,-116.8934
Vallejo,CA,38.1041,-122.2566
Valley Center,CA,33.2184,-117.0342
Valley Center,KS,37.8347,-97.3734
Valley City,ND,46.9233,-98.0032
Valley Cottage,NY,41.1181,-73.9554
Valley Falls,RI,41.9068,-71.3906
Valley Falls,SC,35.0159,-81.9748
Valley Park,MO,38.5492,-90.4926
Valley Station,KY,38.1112,-85.8702
Valley Stream,NY,40.6643,-73.7085
Valley,AL,32.8187,-85.1794
Valparaiso,FL,30.5085,-86.5027
Valparaiso,IN,41.4731,-87.0611
Valrico,FL,27.9379,-82.2364
Van Buren,AR,35.4368,-94.3483
Van Ness,DC,38.9432,-77.0630
Van Wert,OH,40.8695,-84.5841
Vancleave,MS,30.5405,-88.6875
Vancouver,WA,45.6387,-122.6615
Vandalia,IL,38.9606,-89.0937
Vandalia,OH,39.8906,-84.1988
Vandenberg Village,CA,34.7083,-120.4677
Vandergrift,PA,40.6028,-79.5648
Vashon,WA,47.4473,-122.4599
Venice Gardens,FL,27.0731,-82.4076
Venice,FL,27.0998,-82.4543
Ventnor City,NJ,39.3404,-74.4774
Ventura,CA,34.2783,-119.2932
Verde Village,AZ,34.7105,-112.0115
Vermilion,OH,41.4220,-82.3646
Vermilion-on-the-Lake,OH,41.4284,-82.3238
Vermillion,SD,42.7794,-96.9292
Vernal,UT,40.4555,-109.5288
Vernon Hills,IL,42.2195,-87.9795
Vernon,TX,34.1554,-99.2663
Vero Beach South,FL,27.6164,-80.4131
Vero Beach,FL,27.6386,-80.3973
Verona,NJ,40.8298,-74.2401
Verona,WI,42.9908,-89.5332
Versailles,KY,38.0526,-84.7300
Vestal,NY,42.0851,-76.0538
Vestavia Hills,AL,33.4487,-86.7878
Vicksburg,MS,32.3526,-90.8779
Victoria,MN,44.8586,-93.6616
Victoria,TX,28.8053,-97.0036
Victorville,CA,34.5361,-117.2912
Vidalia,GA,32.2177,-82.4135
Vidor,TX,30.1316,-94.0155
Vienna,VA,38.9012,-77.2653
Vienna,WV,39.3270,-81.5485
Viera East,FL,28.2623,-80.7145
Viera West,FL,28.2450,-80.7338
Villa Hills,KY,39.0634,-84.5930
Villa Park,CA,33.8145,-117.8131
Villa Park,IL,41.8897,-87.9890
Villa Rica,GA,33.7321,-84.9191
Village Green-Green Ridge,PA,39.8636,-75.4255
Village Park,HI,21.3981,-158.0303
Village Saint George,LA,30.3621,-91.0673
Village of Campton Hills,IL,41.9366,-88.3975
Village of Oak Creek (Big Park),AZ,34.7809,-111.7623
Villas,FL,26.5504,-81.8687
Villas,NJ,39.0287,-74.9385
Ville Platte,LA,30.6880,-92.2715
Vincennes,IN,38.6773,-87.5286
Vincent,CA,34.0984,-117.9238
Vincent,CA,34.5005,-118.1165
Vincentown,NJ,39.9340,-74.7485
Vine Grove,KY,37.8101,-85.9814
Vineland,NJ,39.4862,-75.0257
Vineyard,CA,38.4645,-121.3469
Vinings,GA,33.8648,-84.4644
Vinita,OK,36.6387,-95.1541
Vinton,IA,42.1686,-92.0235
Vinton,VA,37.2810,-79.8970
Viola,NY,41.1365,-74.0824
Virginia Beach,VA,36.8529,-75.9780
Virginia,MN,47.5233,-92.5366
Visalia,CA,36.3302,-119.2921
Vista,CA,33.2000,-117.2425
Volney,NY,43.3428,-76.3577
Wabash,IN,40.7978,-85.8205
Waco,TX,31.5493,-97.1467
Waconia,MN,44.8508,-93.7869
Wade Hampton,SC,34.9037,-82.3332
Wadesboro,NC,34.9682,-80.0767
Wading River,NY,40.9504,-72.8426
Wadsworth,OH,41.0256,-81.7298
Waggaman,LA,29.9185,-90.2109
Wagoner,OK,35.9595,-95.3694
Wahiawā,HI,21.5028,-158.0246
Wahiawā-Whitmore,HI,21.5056,-158.0335
Wahneta,FL,27.9528,-81.7270
Wahpeton,ND,46.2652,-96.6059
Waianae,HI,21.4379,-158.1856
Waihee-Waiehu,HI,20.9302,-156.5046
Waikīkī,HI,21.2855,-157.8359
Wailea,HI,20.6897,-156.4419
Wailea-Makena,HI,20.6626,-156.4274
Wailua Homesteads,HI,22.0724,-159.3768
Wailuku,HI,20.8913,-156.5060
Waimalu,HI,21.3895,-157.9388
Waimanalo,HI,21.3461,-157.7238
Waimea,HI,20.0232,-155.6729
Waipahu,HI,21.3867,-158.0092
Waipio,HI,21.4182,-157.9991
Waipi‘o Acres,HI,21.4648,-158.0133
Waite Park,MN,45.5572,-94.2242
Wake Forest,NC,35.9799,-78.5097
Wake Village,TX,33.4268,-94.1063
Wakefield,MA,42.5065,-71.0728
Wakefield-Peacedale,RI,41.4461,-71.5004
Walden,NY,41.5612,-74.1885
Waldon,CA,37.9263,-122.0555
Waldorf,MD,38.6246,-76.9391
Waldwick,NJ,41.0106,-74.1179
Walker Mill,MD,38.8754,-76.8883
Walker,LA,30.4880,-90.8615
Walker,MI,43.0014,-85.7681
Walkersville,MD,39.4862,-77.3519
Walla Walla,WA,46.0646,-118.3430
Walled Lake,MI,42.5378,-83.4810
Waller,WA,47.2007,-122.3693
Wallingford Center,CT,41.4499,-72.8189
Wallingford,CT,41.4570,-72.8232
Wallington,NJ,40.8532,-74.1137
Walnut Creek,CA,37.9063,-122.0650
Walnut Grove,WA,45.6679,-122.5990
Walnut Hills,OH,39.1270,-84.4841
Walnut Park,CA,33.9681,-118.2251
Walnut,CA,34.0203,-117.8653
Walpole,MA,42.1418,-71.2495
Walterboro,SC,32.9052,-80.6668
Waltham,MA,42.3765,-71.2356
Waltherson,MD,39.3465,-76.5627
Wanaque,NJ,41.0382,-74.2940
Wantagh,NY,40.6837,-73.5101
Wapakoneta,OH,40.5678,-84.1936
Wapato,WA,46.4476,-120.4203
Wappingers Falls,NY,41.5965,-73.9110
Ware,MA,42.2598,-72.2398
Warm Mineral Springs,FL,27.0598,-82.2601
Warner Robins,GA,32.6157,-83.6266
Warr Acres,OK,35.5226,-97.6189
Warren Township,NJ,40.6082,-74.5180
Warren,AR,33.6126,-92.0646
Warren,MI,42.4904,-83.0130
Warren,OH,41.2376,-80.8184
Warren,PA,41.8439,-79.1450
Warren,RI,41.7304,-71.2826
Warrensburg,MO,38.7628,-93.7361
Warrensville Heights,OH,41.4350,-81.5362
Warrenton,MO,38.8114,-91.1415
Warrenton,OR,46.1651,-123.9238
Warrenton,VA,38.7135,-77.7953
Warrenville,IL,41.8178,-88.1734
Warrington,FL,30.3841,-87.2750
Warsaw,IN,41.2381,-85.8530
Warwick,NY,41.2565,-74.3599
Warwick,RI,41.7001,-71.4162
Wasco,CA,35.5941,-119.3410
Wasco,IL,41.9381,-88.4045
Waseca,MN,44.0777,-93.5074
Washington Court House,OH,39.5365,-83.4391
Washington Terrace,UT,41.1727,-111.9766
Washington,DC,38.8951,-77.0364
Washington,IA,41.2992,-91.6929
Washington,IL,40.7037,-89.4073
Washington,IN,38.6592,-87.1728
Washington,MO,38.5581,-91.0121
Washington,NC,35.5466,-77.0522
Washington,NJ,40.7584,-74.9793
Washington,PA,40.1740,-80.2462
Washington,UT,37.1305,-113.5083
Washingtonville,NY,41.4279,-74.1660
Washougal,WA,45.5826,-122.3534
Wasilla,AK,61.5809,-149.4415
Watauga,TX,32.8579,-97.2547
Watchung,NJ,40.6379,-74.4510
Waterboro,ME,43.5356,-70.7151
Waterbury,CT,41.5581,-73.0515
Waterford,CA,37.6413,-120.7605
Waterford,CT,41.3417,-72.1360
Waterford,MI,42.6930,-83.4118
Waterford,WI,42.7631,-88.2143
Waterloo,IA,42.4928,-92.3430
Waterloo,IL,38.3359,-90.1498
Waterloo,NY,42.9048,-76.8627
Watertown Square,MA,42.3653,-71.1846
Watertown,MA,42.3709,-71.1828
Watertown,NY,43.9748,-75.9108
Watertown,SD,44.8994,-97.1151
Watertown,WI,43.1947,-88.7290
Waterville,ME,44.5520,-69.6317
Waterville,OH,41.5009,-83.7183
Watervliet,NY,42.7301,-73.7012
Watford City,ND,47.8022,-103.2832
Watseka,IL,40.7762,-87.7364
Watsonville,CA,36.9102,-121.7569
Wauconda,IL,42.2589,-88.1393
Waukee,IA,41.6117,-93.8852
Waukegan,IL,42.3636,-87.8448
Waukesha,WI,43.0117,-88.2315
Waunakee,WI,43.1919,-89.4557
Waupaca,WI,44.3580,-89.0859
Waupun,WI,43.6333,-88.7296
Wausau,WI,44.9591,-89.6301
Wauseon,OH,41.5492,-84.1416
Wauwatosa,WI,43.0495,-88.0076
Waveland,MS,30.2869,-89.3762
Waverly,IA,42.7258,-92.4755
Waverly,MI,42.7392,-84.6208
Wawarsing,NY,41.7590,-74.3574
Waxahachie,TX,32.3865,-96.8483
Waxhaw,NC,34.9246,-80.7434
Waycross,GA,31.2137,-82.3557
Wayland,MA,42.3626,-71.3615
Wayne,MI,42.2814,-83.3863
Wayne,NE,42.2306,-97.0178
Wayne,NJ,40.9254,-74.2765
Wayne,PA,40.0440,-75.3877
Waynesboro,GA,33.0899,-82.0157
Waynesboro,PA,39.7559,-77.5778
Waynesboro,VA,38.0685,-78.8895
Waynesville,MO,37.8287,-92.2007
Waynesville,NC,35.4887,-82.9887
Weare,NH,43.0948,-71.7306
Weatherford,OK,35.5262,-98.7076
Weatherford,TX,32.7593,-97.7973
Webb City,MO,37.1465,-94.4630
Webster City,IA,42.4694,-93.8161
Webster Groves,MO,38.5926,-90.3573
Webster,MA,42.0501,-71.8801
Webster,NY,43.2123,-77.4300
Webster,TX,29.5377,-95.1183
Weddington,NC,35.0224,-80.7609
Wedgefield,FL,28.4878,-81.0773
Weehawken,NJ,40.7696,-74.0204
Weigelstown,PA,39.9837,-76.8225
Weirton Heights,WV,40.4084,-80.5392
Weirton,WV,40.4190,-80.5895
Weiser,ID,44.2510,-116.9693
Wekiwa Springs,FL,28.6986,-81.4256
Welby,CO,39.8366,-104.9591
Welcome,SC,34.8265,-82.4390
Weldon Spring,MO,38.7134,-90.6893
Wellesley,MA,42.2965,-71.2926
Wellington,CO,40.7039,-105.0086
Wellington,FL,26.6587,-80.2414
Wellington,KS,37.2653,-97.3717
Wells Beach Station,ME,43.3240,-70.5914
Wells Branch,TX,30.4460,-97.6795
Wellston,OH,39.1234,-82.5329
Wenatchee,WA,47.4235,-120.3103
Wendell,NC,35.7810,-78.3697
Wentzville,MO,38.8114,-90.8529
Wescosville,PA,40.5668,-75.5530
Weslaco,TX,26.1595,-97.9908
Wesley Chapel,FL,28.2397,-82.3279
Wesley Chapel,NC,35.0071,-80.6745
Wesley Hills,NY,41.1593,-74.0699
West Albany,NY,42.6831,-73.7785
West Allis,WI,43.0167,-88.0070
West Athens,CA,33.9233,-118.3034
West Babylon,NY,40.7182,-73.3543
West Bend,WI,43.4253,-88.1834
West Bloomfield Township,MI,42.5689,-83.3836
West Bountiful,UT,40.8938,-111.9019
West Boylston,MA,42.3668,-71.7856
West Bridgewater,MA,42.0190,-71.0078
West Cambridge/Harvard Square,MA,42.3725,-71.1195
West Carrollton City,OH,39.6723,-84.2522
West Carson,CA,33.8217,-118.2926
West Chester,PA,39.9610,-75.6080
West Chicago,IL,41.8847,-88.2040
West Clarkston-Highland,WA,46.4029,-117.0640
West Columbia,SC,33.9935,-81.0740
West Concord,MA,42.4584,-71.3953
West Coon Rapids,MN,45.1597,-93.3497
West Covina,CA,34.0686,-117.9390
West Des Moines,IA,41.5772,-93.7113
West Dundee,IL,42.0981,-88.2829
West Elkridge,MD,39.2071,-76.7269
West Falls Church,VA,38.8648,-77.1879
West Fargo,ND,46.8750,-96.9004
West Fens,MA,42.3430,-71.0984
West Frankfort,IL,37.8978,-88.9315
West Freehold,NJ,40.2421,-74.3013
West Gate,FL,26.7026,-80.0981
West Gate,VA,38.7829,-77.4975
West Glens Falls,NY,43.3001,-73.6840
West Greenwich,RI,41.6370,-71.6600
West Gulfport,MS,30.4041,-89.0942
West Hartford,CT,41.7620,-72.7420
West Hattiesburg,MS,31.3191,-89.3751
West Haven,CT,41.2707,-72.9471
West Haven,UT,41.2030,-112.0511
West Haven-Sylvan,OR,45.5161,-122.7681
West Haverstraw,NY,41.2095,-73.9854
West Helena,AR,34.5507,-90.6418
West Hempstead,NY,40.7048,-73.6501
West Henrietta,NY,43.0401,-77.6617
West Hills,NY,40.8162,-73.4323
West Islip,NY,40.7062,-73.3062
West Jordan,UT,40.6097,-111.9391
West Lafayette,IN,40.4259,-86.9081
West Lake Sammamish,WA,47.5776,-122.1012
West Lake Stevens,WA,47.9934,-122.1018
West Linn,OR,45.3657,-122.6123
West Little River,FL,25.8570,-80.2370
West Livingston,TX,30.6983,-95.0019
West Loch Estates,HI,21.3724,-158.0242
West Long Branch,NJ,40.2904,-74.0176
West Lynchburg,VA,37.4032,-79.1781
West Melbourne,FL,28.0717,-80.6534
West Memphis,AR,35.1465,-90.1845
West Miami,FL,25.7634,-80.2962
West Mifflin,PA,40.3634,-79.8664
West Milford,NJ,41.1312,-74.3674
West Modesto,CA,37.6175,-121.0391
West Monroe,LA,32.5185,-92.1476
West New York,NJ,40.7879,-74.0143
West Newton,MA,42.3501,-71.2328
West Norriton,PA,40.1296,-75.3785
West Odessa,TX,31.8423,-102.4988
West Orange,NJ,40.7987,-74.2390
West Palm Beach,FL,26.7153,-80.0534
West Park,FL,25.9845,-80.1989
West Pensacola,FL,30.4266,-87.2797
West Perrine,FL,25.6059,-80.3628
West Plains,MO,36.7281,-91.8524
West Point,MS,33.6076,-88.6503
West Point,NY,41.3915,-73.9560
West Point,UT,41.1183,-112.0841
West Puente Valley,CA,34.0517,-117.9684
West Rancho Dominguez,CA,33.8939,-118.2706
West Richland,WA,46.3043,-119.3614
West Roxbury,MA,42.2793,-71.1495
West Sacramento,CA,38.5805,-121.5302
West Saint Paul,MN,44.9161,-93.1016
West Salem,WI,43.8991,-91.0812
West Samoset,FL,27.4695,-82.5568
West Sayville,NY,40.7279,-73.0976
West Scarborough,ME,43.5704,-70.3878
West Sedona,AZ,34.8672,-111.8054
West Seneca,NY,42.8501,-78.7998
West Side Highway,WA,46.1840,-122.9172
West Somerville/Davis Square,MA,42.3959,-71.1226
West Springfield,MA,42.1070,-72.6204
West Springfield,VA,38.7726,-77.2211
West Torrington,CT,41.8184,-73.1437
West Valley City,UT,40.6916,-112.0011
West Valley,WA,46.5921,-120.6051
West Vero Corridor,FL,27.6378,-80.4858
West View,PA,40.5223,-80.0342
West Warwick,RI,41.6969,-71.5219
West Whittier-Los Nietos,CA,33.9760,-118.0691
West Yarmouth,MA,41.6501,-70.2411
West and East Lealman,FL,27.8199,-82.6894
Westbrook,ME,43.6770,-70.3712
Westbury,NY,40.7557,-73.5876
Westchase,FL,28.0550,-82.6098
Westchester,FL,25.7548,-80.3273
Westchester,IL,41.8506,-87.8820
Westerly,RI,41.3776,-71.8273
Western Springs,IL,41.8098,-87.9006
Westerville,OH,40.1262,-82.9291
Westfield,IN,40.0428,-86.1275
Westfield,MA,42.1251,-72.7495
Westfield,NJ,40.6590,-74.3474
Westford,MA,42.5793,-71.4378
Westlake Village,CA,34.1458,-118.8056
Westlake,OH,41.4553,-81.9179
Westland,MI,42.3242,-83.4002
Westmere,NY,42.6912,-73.8687
Westminster,CA,33.7592,-118.0067
Westminster,CO,39.8366,-105.0372
Westminster,MA,42.5459,-71.9106
Westminster,MD,39.5754,-76.9958
Westmont,CA,33.9414,-118.3023
Westmont,IL,41.7959,-87.9756
Weston,FL,26.1004,-80.3998
Weston,MA,42.3668,-71.3031
Weston,WI,44.8908,-89.5476
Westphalia,MD,38.8454,-76.8111
Westport,CT,41.1415,-73.3579
Westview,FL,25.8820,-80.2420
Westville,IN,41.5414,-86.9006
Westwego,LA,29.9060,-90.1423
Westwood Lake,FL,25.7293,-80.3728
Westwood,MA,42.2140,-71.2245
Westwood,MI,42.3028,-85.6336
Westwood,NJ,40.9912,-74.0326
Wethersfield,CT,41.7143,-72.6526
Wetumpka,AL,32.5437,-86.2119
Weymouth,MA,42.2209,-70.9398
Wharton,NJ,40.8931,-74.5818
Wharton,TX,29.3116,-96.1027
Wheat Ridge,CO,39.7661,-105.0772
Wheatley Heights,NY,40.7637,-73.3698
Wheaton,IL,41.8661,-88.1070
Wheaton,MD,39.0398,-77.0553
Wheelersburg,OH,38.7304,-82.8555
Wheeling,IL,42.1392,-87.9290
Wheeling,WV,40.0640,-80.7209
Whippany,NJ,40.8245,-74.4171
White Bear Lake,MN,45.0847,-93.0099
White Center,WA,47.5173,-122.3548
White City,OR,42.4374,-122.8320
White City,UT,40.5658,-111.8644
White Hall,AR,34.2740,-92.0910
White Horse,NJ,40.1907,-74.7024
White House,TN,36.4703,-86.6514
White Marsh,MD,39.3837,-76.4322
White Meadow Lake,NJ,40.9237,-74.5107
White Oak,MD,39.0398,-76.9930
White Oak,OH,39.2131,-84.5994
White Oak,PA,40.3376,-79.8092
White Oak,TX,32.5279,-94.8613
White Plains,NY,41.0340,-73.7629
White Rock,NM,35.8275,-106.2039
White Settlement,TX,32.7596,-97.4583
Whitefish Bay,WI,43.1133,-87.9001
Whitefish,MT,48.4111,-114.3376
Whitehall Township,PA,40.6668,-75.4999
Whitehall,OH,39.9667,-82.8855
Whitehall,PA,40.3612,-79.9909
Whitehouse,TX,32.2268,-95.2255
Whitemarsh Island,GA,32.0288,-81.0168
Whitestown,IN,39.9973,-86.3458
Whiteville,NC,34.3388,-78.7031
Whitewater,WI,42.8336,-88.7323
Whitinsville,MA,42.1112,-71.6662
Whitman,MA,42.0807,-70.9356
Whitmore Lake,MI,42.4397,-83.7453
Whitney,NV,36.0983,-115.0363
Whittier,CA,33.9792,-118.0328
Wichita Falls,TX,33.9137,-98.4934
Wichita,KS,37.6922,-97.3375
Wickenburg,AZ,33.9686,-112.7296
Wickliffe,OH,41.6053,-81.4535
Wildomar,CA,33.5989,-117.2800
Wildwood,FL,28.8654,-82.0406
Wildwood,MO,38.5828,-90.6629
Wildwood,NJ,38.9918,-74.8149
Wilkes-Barre,PA,41.2459,-75.8813
Wilkinsburg,PA,40.4417,-79.8820
Willard,MO,37.3051,-93.4285
Willard,OH,41.0531,-82.7263
Williams,CA,39.1546,-122.1494
Williamsburg,FL,28.4144,-81.4429
Williamsburg,KY,36.7434,-84.1597
Williamsburg,VA,37.2707,-76.7075
Williamson,AZ,34.6900,-112.5410
Williamsport,PA,41.2412,-77.0011
Williamston,NC,35.8546,-77.0555
Williamstown,NJ,39.6862,-74.9952
Williamsville,NY,42.9639,-78.7378
Willimantic,CT,41.7107,-72.2081
Willingboro,NJ,40.0279,-74.8691
Willis,TX,30.4249,-95.4799
Williston Park,NY,40.7565,-73.6449
Williston,ND,48.1470,-103.6180
Williston,VT,44.4376,-73.0682
Willmar,MN,45.1219,-95.0433
Willoughby Hills,OH,41.5984,-81.4185
Willoughby,OH,41.6398,-81.4065
Willow Grove,PA,40.1440,-75.1157
Willow Oak,FL,27.9161,-82.0179
Willow Springs,IL,41.7409,-87.8603
Willow Street,PA,39.9793,-76.2763
Willowbrook,CA,33.9170,-118.2551
Willowbrook,IL,41.7698,-87.9359
Willowick,OH,41.6331,-81.4687
Willows,CA,39.5243,-122.1936
Wilmette,IL,42.0722,-87.7228
Wilmington Island,GA,32.0035,-80.9737
Wilmington Manor,DE,39.6868,-75.5844
Wilmington,DE,39.7460,-75.5466
Wilmington,IL,41.3078,-88.1467
Wilmington,MA,42.5465,-71.1737
Wilmington,NC,34.2356,-77.9460
Wilmington,OH,39.4453,-83.8285
Wilmore,KY,37.8620,-84.6616
Wilson,NC,35.7213,-77.9155
Wilson,PA,40.3101,-79.8914
Wilson,PA,40.6840,-75.2418
Wilsonville,OR,45.2998,-122.7737
Wilton Manors,FL,26.1604,-80.1389
Wilton,CA,38.4119,-121.2722
Wilton,CT,41.1954,-73.4379
Wilton,NY,43.1801,-73.7443
Wimauma,FL,27.7125,-82.2990
Winchester Center,CT,41.9001,-73.1348
Winchester,KY,37.9901,-84.1796
Winchester,MA,42.4523,-71.1370
Winchester,NV,36.1300,-115.1189
Winchester,TN,35.1859,-86.1122
Winchester,VA,39.1857,-78.1633
Wind Lake,WI,42.8295,-88.1587
Windcrest,TX,29.5155,-98.3803
Winder,GA,33.9926,-83.7202
Windham,CT,41.6998,-72.1570
Windham,NH,42.8006,-71.3042
Windsor Locks,CT,41.9293,-72.6273
Windsor,CA,38.5471,-122.8164
Windsor,CO,40.4775,-104.9014
Windsor,CT,41.8526,-72.6437
Winfield,IL,41.8617,-88.1609
Winfield,IN,41.4053,-87.2753
Winfield,KS,37.2398,-96.9956
Winnemucca,NV,40.9730,-117.7357
Winnetka,IL,42.1081,-87.7359
Winona,MN,44.0500,-91.6393
Winooski,VT,44.4914,-73.1857
Winslow,AZ,35.0242,-110.6974
Winslow,ME,44.5470,-69.6212
Winsted,CT,41.9212,-73.0601
Winston,FL,28.0317,-82.0148
Winston,OR,43.1223,-123.4126
Winston-Salem,NC,36.0999,-80.2442
Winter Garden,FL,28.5653,-81.5862
Winter Gardens,CA,32.8312,-116.9334
Winter Haven,FL,28.0222,-81.7329
Winter Hill,MA,42.3959,-71.0989
Winter Park,FL,28.6000,-81.3392
Winter Springs,FL,28.6989,-81.3081
Winters,CA,38.5249,-121.9708
Winterset,IA,41.3308,-94.0138
Winterville,NC,35.5290,-77.4011
Winthrop Harbor,IL,42.4789,-87.8237
Winthrop,MA,42.3751,-70.9828
Winton,CA,37.3894,-120.6132
Wisconsin Rapids,WI,44.3836,-89.8174
Withamsville,OH,39.0623,-84.2883
Wixom,MI,42.5248,-83.5363
Woburn,MA,42.4793,-71.1523
Wolcott,CT,41.6023,-72.9868
Wolf Trap,VA,38.9398,-77.2861
Wollochet,WA,47.2687,-122.5840
Wood Dale,IL,41.9634,-87.9790
Wood River,IL,38.8612,-90.0976
Wood-Ridge,NJ,40.8457,-74.0879
Woodbridge,CT,41.3526,-73.0084
Woodbridge,NJ,40.5576,-74.2846
Woodburn,OR,45.1437,-122.8554
Woodburn,VA,38.8475,-77.2361
Woodbury,CT,41.5445,-73.2090
Woodbury,MN,44.9239,-92.9594
Woodbury,NJ,39.8382,-75.1527
Woodbury,NY,40.8257,-73.4676
Woodbury,NY,41.3645,-74.1060
Woodcliff Lake,NJ,41.0234,-74.0665
Woodcrest,CA,33.8822,-117.3573
Woodfield,SC,34.0593,-80.9309
Woodfin,NC,35.6334,-82.5821
Woodhaven,MI,42.1389,-83.2416
Woodinville,WA,47.7543,-122.1635
Woodlake,CA,36.4136,-119.0987
Woodlake,VA,37.4211,-77.6793
Woodland Park,CO,38.9939,-105.0569
Woodland Park,NJ,40.8898,-74.1949
Woodland,CA,38.6785,-121.7733
Woodland,WA,45.9046,-122.7440
Woodlawn,MD,38.9496,-76.8914
Woodlawn,MD,39.3229,-76.7280
Woodlawn,VA,38.7168,-77.1328
Woodley Park,DC,38.9287,-77.0558
Woodlyn,PA,39.8723,-75.3371
Woodmere,LA,29.8580,-90.0803
Woodmere,NY,40.6320,-73.7126
Woodmoor,CO,39.1014,-104.8475
Woodridge,DC,38.9312,-76.9711
Woodridge,IL,41.7470,-88.0503
Woods Creek,WA,47.8787,-121.8985
Woods Cross,UT,40.8716,-111.8922
Woodside,CA,37.4299,-122.2539
Woodstock,GA,34.1015,-84.5194
Woodstock,IL,42.3147,-88.4487
Woodstock,VA,38.8818,-78.5058
Woodward,OK,36.4337,-99.3904
Woodway,TX,31.5060,-97.2050
Woonsocket,RI,42.0029,-71.5148
Wooster,OH,40.8052,-81.9365
Worcester,MA,42.2626,-71.8023
Worland,WY,44.0169,-107.9554
Worth,IL,41.6897,-87.7973
Worthington,MN,43.6200,-95.5964
Worthington,OH,40.0931,-83.0180
Wrentham,MA,42.0668,-71.3281
Wright,FL,30.4557,-86.6383
Wyandanch,NY,40.7540,-73.3604
Wyandotte,MI,42.2142,-83.1499
Wyckoff,NJ,41.0095,-74.1729
Wykagyl,NY,40.9415,-73.7990
Wylie,TX,33.0151,-96.5389
Wyndham,VA,37.6985,-77.6125
Wyndmoor,PA,40.0812,-75.1893
Wynne,AR,35.2245,-90.7868
Wyoming,MI,42.9134,-85.7053
Wyoming,MN,45.3364,-92.9972
Wyoming,OH,39.2312,-84.4658
Wyomissing,PA,40.3295,-75.9652
Wytheville,VA,36.9485,-81.0848
Xenia,OH,39.6848,-83.9296
Yakima,WA,46.6021,-120.5059
Yankton,SD,42.8711,-97.3973
Yaphank,NY,40.8368,-72.9171
Yardville,NJ,40.1812,-74.6643
Yarmouth Port,MA,41.7020,-70.2495
Yarmouth,MA,41.7057,-70.2286
Yarmouth,ME,43.8006,-70.1867
Yazoo City,MS,32.8551,-90.4056
Yeadon,PA,39.9390,-75.2555
Yelm,WA,46.9420,-122.6060
Yoakum,TX,29.2877,-97.1519
Yonkers,NY,40.9304,-73.8979
Yorba Linda,CA,33.8886,-117.8131
York Beach,ME,43.1715,-70.6089
York,NE,40.8681,-97.5920
York,PA,39.9626,-76.7277
York,SC,34.9943,-81.2420
Yorketown,NJ,40.3079,-74.3376
Yorkshire,VA,38.7932,-77.4478
Yorktown,IN,40.1737,-85.4941
Yorkville,IL,41.6411,-88.4473
Youngstown,OH,41.0998,-80.6495
Youngsville,LA,30.0997,-91.9901
Youngtown,AZ,33.5939,-112.3029
Ypsilanti,MI,42.2411,-83.6130
Yreka,CA,41.7354,-122.6345
Yuba City,CA,39.1405,-121.6169
Yucaipa,CA,34.0336,-117.0431
Yucca Valley,CA,34.1142,-116.4322
Yukon,OK,35.5067,-97.7625
Yulee,FL,30.6319,-81.6065
Yuma,AZ,32.7253,-114.6244
Zachary,LA,30.6485,-91.1565
Zanesville,OH,39.9404,-82.0132
Zapata,TX,26.9073,-99.2714
Zeeland,MI,42.8125,-86.0186
Zephyrhills South,FL,28.2149,-82.1887
Zephyrhills West,FL,28.2308,-82.2056
Zephyrhills,FL,28.2336,-82.1812
Zimmerman,MN,45.4433,-93.5900
Zion,IL,42.4461,-87.8328
Zionsville,IN,39.9509,-86.2619
Zuni Pueblo,NM,35.0725,-108.8506
ʻEwa Beach-Iroquois Point,HI,21.3153,-157.9913
ʻEwa Gentry-West Loch,HI,21.3533,-158.0284
‘Aiea Heights,HI,21.3908,-157.9205
‘Aiea,HI,21.3822,-157.9336
‘Ewa Beach,HI,21.3156,-158.0072
‘Ewa Gentry,HI,21.3400,-158.0304
‘Ewa Villages,HI,21.3413,-158.0397
‘Āhuimanu,HI,21.4447,-157.8378
